Date,Carbon Price
2010-01-01,12.52
2010-01-04,12.91
2010-01-05,12.52
2010-01-06,12.22
2010-01-07,12.57
2010-01-08,12.82
2010-01-11,13.0
2010-01-12,12.71
2010-01-13,12.94
2010-01-14,13.44
2010-01-15,13.23
2010-01-18,13.55
2010-01-19,13.63
2010-01-20,13.21
2010-01-21,13.07
2010-01-22,12.97
2010-01-25,13.28
2010-01-26,13.46
2010-01-27,13.25
2010-01-28,12.99
2010-01-29,12.71
2010-01-31,12.85
2010-02-01,12.57
2010-02-02,12.59
2010-02-03,12.59
2010-02-04,13.06
2010-02-05,13.11
2010-02-08,13.6
2010-02-09,13.41
2010-02-10,13.12
2010-02-11,13.06
2010-02-12,12.82
2010-02-15,13.0
2010-02-16,13.16
2010-02-17,12.79
2010-02-18,12.83
2010-02-19,12.36
2010-02-22,12.63
2010-02-23,12.58
2010-02-24,12.92
2010-02-25,12.76
2010-02-26,12.86
2010-03-01,13.19
2010-03-02,13.16
2010-03-03,13.4
2010-03-04,12.98
2010-03-05,13.16
2010-03-08,12.96
2010-03-09,12.99
2010-03-10,13.09
2010-03-11,12.85
2010-03-12,12.76
2010-03-15,12.92
2010-03-16,12.84
2010-03-17,12.88
2010-03-18,12.95
2010-03-19,12.96
2010-03-22,12.97
2010-03-23,12.79
2010-03-24,12.67
2010-03-25,12.55
2010-03-26,12.81
2010-03-29,12.67
2010-03-30,12.73
2010-03-31,12.71
2010-04-01,12.98
2010-04-05,12.98
2010-04-06,13.33
2010-04-07,13.42
2010-04-08,13.45
2010-04-09,13.59
2010-04-12,13.6
2010-04-13,13.59
2010-04-14,14.11
2010-04-15,14.04
2010-04-16,14.31
2010-04-19,14.47
2010-04-20,14.63
2010-04-21,14.57
2010-04-22,14.57
2010-04-23,14.85
2010-04-26,15.49
2010-04-27,15.15
2010-04-28,14.88
2010-04-29,15.25
2010-04-30,15.84
2010-05-03,16.42
2010-05-04,15.82
2010-05-05,15.88
2010-05-06,16.07
2010-05-07,15.42
2010-05-10,15.14
2010-05-11,15.57
2010-05-12,15.62
2010-05-13,15.73
2010-05-14,15.56
2010-05-17,15.01
2010-05-18,15.2
2010-05-19,14.63
2010-05-20,14.61
2010-05-21,14.76
2010-05-24,15.33
2010-05-25,15.11
2010-05-26,15.61
2010-05-27,15.4
2010-05-28,15.02
2010-05-31,15.02
2010-06-01,15.05
2010-06-02,15.18
2010-06-03,15.17
2010-06-04,15.25
2010-06-07,15.13
2010-06-08,15.6
2010-06-09,15.67
2010-06-10,15.37
2010-06-11,15.53
2010-06-14,15.76
2010-06-15,15.64
2010-06-16,15.42
2010-06-17,15.56
2010-06-18,15.62
2010-06-21,15.7
2010-06-22,15.2
2010-06-23,15.23
2010-06-24,15.11
2010-06-25,15.28
2010-06-28,15.29
2010-06-29,15.15
2010-06-30,15.19
2010-07-01,15.18
2010-07-02,15.29
2010-07-04,15.35
2010-07-05,15.29
2010-07-06,15.08
2010-07-07,14.74
2010-07-08,14.29
2010-07-09,14.55
2010-07-11,14.66
2010-07-12,13.99
2010-07-13,13.77
2010-07-14,13.94
2010-07-15,13.88
2010-07-16,14.19
2010-07-18,14.28
2010-07-19,14.48
2010-07-20,14.16
2010-07-21,13.87
2010-07-22,14.18
2010-07-23,13.94
2010-07-25,13.99
2010-07-26,13.46
2010-07-27,13.65
2010-07-28,13.7
2010-07-29,13.95
2010-07-30,14.08
2010-08-01,14.14
2010-08-02,14.43
2010-08-03,14.37
2010-08-04,14.27
2010-08-05,14.28
2010-08-06,14.17
2010-08-08,14.24
2010-08-09,14.51
2010-08-10,14.44
2010-08-11,14.34
2010-08-12,14.36
2010-08-13,14.42
2010-08-15,14.48
2010-08-16,14.34
2010-08-17,14.42
2010-08-18,14.33
2010-08-19,14.85
2010-08-20,15.0
2010-08-22,15.09
2010-08-23,14.76
2010-08-24,14.9
2010-08-25,15.32
2010-08-26,15.18
2010-08-27,15.22
2010-08-29,15.31
2010-08-30,15.39
2010-08-31,15.22
2010-09-01,15.34
2010-09-02,15.73
2010-09-03,15.69
2010-09-05,15.76
2010-09-06,15.67
2010-09-07,15.69
2010-09-08,15.56
2010-09-09,15.46
2010-09-10,15.23
2010-09-12,15.31
2010-09-13,15.25
2010-09-14,15.22
2010-09-15,15.37
2010-09-16,15.21
2010-09-17,15.26
2010-09-20,14.97
2010-09-21,14.87
2010-09-22,14.99
2010-09-23,14.83
2010-09-24,15.23
2010-09-27,15.32
2010-09-28,15.67
2010-09-29,15.65
2010-09-30,15.41
2010-10-01,15.36
2010-10-04,15.27
2010-10-05,15.57
2010-10-06,15.57
2010-10-07,15.47
2010-10-08,15.57
2010-10-11,15.84
2010-10-12,15.75
2010-10-13,15.63
2010-10-14,15.54
2010-10-15,15.45
2010-10-18,15.38
2010-10-19,15.03
2010-10-20,15.15
2010-10-21,14.86
2010-10-22,15.07
2010-10-25,15.16
2010-10-26,15.0
2010-10-27,15.1
2010-10-28,14.91
2010-10-29,14.63
2010-11-01,14.69
2010-11-02,14.71
2010-11-03,14.69
2010-11-04,14.38
2010-11-05,14.51
2010-11-08,14.24
2010-11-09,14.3
2010-11-10,14.49
2010-11-11,14.84
2010-11-12,14.9
2010-11-15,15.11
2010-11-16,14.63
2010-11-17,14.88
2010-11-18,14.94
2010-11-19,14.96
2010-11-22,15.08
2010-11-23,15.02
2010-11-24,15.15
2010-11-25,15.08
2010-11-26,15.08
2010-11-29,14.95
2010-11-30,14.76
2010-12-01,14.84
2010-12-02,14.67
2010-12-03,14.75
2010-12-06,14.87
2010-12-07,14.79
2010-12-08,14.67
2010-12-09,14.53
2010-12-10,14.59
2010-12-12,14.6
2010-12-13,14.53
2010-12-14,14.46
2010-12-15,14.34
2010-12-16,14.26
2010-12-17,13.98
2010-12-20,13.9
2010-12-21,13.96
2010-12-22,14.1
2010-12-23,13.86
2010-12-24,13.87
2010-12-29,14.06
2010-12-30,13.94
2010-12-31,14.02
2011-01-03,14.02
2011-01-04,14.21
2011-01-05,14.31
2011-01-06,14.47
2011-01-07,14.41
2011-01-10,14.01
2011-01-11,14.09
2011-01-12,14.03
2011-01-13,14.06
2011-01-14,14.27
2011-01-17,14.34
2011-01-18,14.39
2011-01-19,14.16
2011-01-20,14.15
2011-01-21,14.26
2011-01-23,14.49
2011-01-24,14.37
2011-01-25,14.68
2011-01-26,14.69
2011-01-27,14.51
2011-01-28,14.54
2011-01-31,14.76
2011-02-01,14.64
2011-02-02,14.76
2011-02-03,14.47
2011-02-04,14.49
2011-02-07,14.42
2011-02-08,14.49
2011-02-09,14.46
2011-02-10,14.47
2011-02-11,14.67
2011-02-14,14.67
2011-02-15,14.57
2011-02-16,14.46
2011-02-17,14.59
2011-02-18,14.63
2011-02-21,15.04
2011-02-22,15.02
2011-02-23,14.96
2011-02-24,15.05
2011-02-25,15.21
2011-02-28,15.3
2011-03-01,15.28
2011-03-02,15.2
2011-03-03,15.17
2011-03-04,15.5
2011-03-07,15.39
2011-03-08,15.31
2011-03-09,15.36
2011-03-10,15.3
2011-03-11,15.3
2011-03-14,16.02
2011-03-15,16.67
2011-03-16,16.71
2011-03-17,16.28
2011-03-18,16.76
2011-03-21,16.35
2011-03-22,16.42
2011-03-23,16.42
2011-03-24,16.06
2011-03-25,16.33
2011-03-28,16.79
2011-03-29,16.69
2011-03-30,16.66
2011-03-31,16.88
2011-04-01,16.75
2011-04-04,16.83
2011-04-05,16.62
2011-04-06,16.74
2011-04-07,16.58
2011-04-08,16.6
2011-04-11,16.36
2011-04-12,16.2
2011-04-13,16.25
2011-04-14,16.38
2011-04-15,16.69
2011-04-18,16.3
2011-04-19,16.41
2011-04-20,16.62
2011-04-21,16.5
2011-04-22,16.87
2011-04-26,16.52
2011-04-27,16.61
2011-04-28,16.77
2011-04-29,16.7
2011-05-02,17.03
2011-05-03,16.81
2011-05-04,16.7
2011-05-05,16.58
2011-05-06,16.66
2011-05-09,16.63
2011-05-10,16.56
2011-05-11,16.44
2011-05-12,16.52
2011-05-13,16.38
2011-05-16,16.55
2011-05-17,16.21
2011-05-18,16.19
2011-05-19,16.11
2011-05-20,15.99
2011-05-23,15.81
2011-05-24,16.05
2011-05-25,16.05
2011-05-26,16.05
2011-05-27,16.6
2011-05-31,16.69
2011-06-01,16.51
2011-06-02,16.46
2011-06-03,16.53
2011-06-06,16.39
2011-06-07,16.35
2011-06-08,16.21
2011-06-09,16.38
2011-06-10,16.37
2011-06-13,16.4
2011-06-14,16.21
2011-06-15,15.98
2011-06-16,15.82
2011-06-17,15.4
2011-06-20,15.02
2011-06-21,14.55
2011-06-22,14.54
2011-06-23,13.15
2011-06-24,12.07
2011-06-27,12.76
2011-06-28,13.32
2011-06-29,12.83
2011-06-30,13.36
2011-07-01,13.11
2011-07-04,13.24
2011-07-05,13.38
2011-07-06,13.01
2011-07-07,12.85
2011-07-08,12.54
2011-07-11,11.94
2011-07-12,12.25
2011-07-13,11.84
2011-07-14,12.15
2011-07-15,12.26
2011-07-18,12.08
2011-07-19,12.25
2011-07-20,12.64
2011-07-21,12.95
2011-07-22,12.84
2011-07-25,12.79
2011-07-26,12.75
2011-07-27,12.28
2011-07-28,12.37
2011-07-29,12.11
2011-08-01,11.88
2011-08-02,11.61
2011-08-03,11.3
2011-08-04,11.17
2011-08-05,10.58
2011-08-08,10.62
2011-08-09,11.3
2011-08-10,11.47
2011-08-11,12.13
2011-08-12,12.33
2011-08-15,12.34
2011-08-16,12.25
2011-08-17,12.67
2011-08-18,12.2
2011-08-19,12.36
2011-08-22,12.43
2011-08-23,12.78
2011-08-24,13.03
2011-08-25,12.88
2011-08-26,13.05
2011-08-29,13.18
2011-08-30,13.38
2011-08-31,12.84
2011-09-01,12.8
2011-09-02,12.51
2011-09-05,12.29
2011-09-06,12.09
2011-09-07,12.34
2011-09-08,12.16
2011-09-09,11.79
2011-09-12,11.81
2011-09-13,11.94
2011-09-14,12.13
2011-09-15,12.28
2011-09-16,12.06
2011-09-19,11.72
2011-09-20,11.82
2011-09-21,11.72
2011-09-22,11.25
2011-09-23,11.27
2011-09-26,10.81
2011-09-27,10.74
2011-09-28,10.42
2011-09-29,10.85
2011-09-30,10.66
2011-10-03,10.09
2011-10-04,10.02
2011-10-05,10.15
2011-10-06,10.4
2011-10-07,10.4
2011-10-10,10.66
2011-10-11,10.61
2011-10-12,10.64
2011-10-13,10.24
2011-10-14,10.36
2011-10-17,10.29
2011-10-18,10.25
2011-10-19,9.97
2011-10-20,10.14
2011-10-21,10.31
2011-10-24,10.49
2011-10-25,10.36
2011-10-26,10.07
2011-10-27,10.38
2011-10-28,10.37
2011-10-31,10.12
2011-11-01,9.85
2011-11-02,9.47
2011-11-03,9.66
2011-11-04,9.39
2011-11-07,9.93
2011-11-08,10.07
2011-11-09,9.87
2011-11-10,9.8
2011-11-11,10.11
2011-11-14,10.04
2011-11-15,10.01
2011-11-16,9.85
2011-11-17,9.63
2011-11-18,9.33
2011-11-21,8.88
2011-11-22,9.08
2011-11-23,8.42
2011-11-24,7.86
2011-11-25,7.69
2011-11-28,7.97
2011-11-29,7.98
2011-11-30,8.35
2011-12-01,7.93
2011-12-02,7.82
2011-12-05,7.31
2011-12-06,7.32
2011-12-07,7.21
2011-12-08,7.64
2011-12-09,7.84
2011-12-11,8.21
2011-12-12,7.54
2011-12-13,7.03
2011-12-14,6.45
2011-12-15,6.77
2011-12-16,6.75
2011-12-19,6.98
2011-12-20,8.54
2011-12-21,7.98
2011-12-22,7.71
2011-12-23,7.85
2011-12-25,8.07
2011-12-26,8.07
2011-12-28,7.42
2011-12-29,6.91
2011-12-30,6.97
2012-01-02,7.14
2012-01-03,6.28
2012-01-04,6.27
2012-01-05,6.43
2012-01-06,6.3
2012-01-09,6.51
2012-01-10,6.84
2012-01-11,6.75
2012-01-12,6.92
2012-01-13,6.73
2012-01-16,6.47
2012-01-17,6.48
2012-01-18,6.61
2012-01-19,7.07
2012-01-20,7.02
2012-01-23,6.86
2012-01-24,7.26
2012-01-25,7.33
2012-01-26,7.49
2012-01-27,7.97
2012-01-30,7.55
2012-01-31,7.84
2012-02-01,8.26
2012-02-02,8.53
2012-02-03,8.29
2012-02-06,8.49
2012-02-07,8.53
2012-02-08,8.12
2012-02-09,7.79
2012-02-10,7.71
2012-02-13,7.46
2012-02-14,7.89
2012-02-15,8.14
2012-02-16,8.77
2012-02-17,9.04
2012-02-20,8.54
2012-02-21,8.96
2012-02-22,8.93
2012-02-23,8.62
2012-02-24,9.19
2012-02-27,9.28
2012-02-28,8.8
2012-02-29,8.34
2012-03-01,8.65
2012-03-02,8.83
2012-03-05,8.62
2012-03-06,8.35
2012-03-07,8.4
2012-03-08,8.25
2012-03-09,7.9
2012-03-12,7.66
2012-03-13,7.62
2012-03-14,7.95
2012-03-15,7.83
2012-03-16,7.6
2012-03-19,7.62
2012-03-20,7.02
2012-03-21,7.26
2012-03-22,6.71
2012-03-23,6.87
2012-03-26,6.84
2012-03-27,7.12
2012-03-28,7.04
2012-03-29,6.71
2012-03-30,6.98
2012-04-02,6.21
2012-04-03,6.35
2012-04-04,6.08
2012-04-05,6.68
2012-04-10,6.78
2012-04-11,6.92
2012-04-12,7.06
2012-04-13,7.12
2012-04-16,6.79
2012-04-17,7.05
2012-04-18,7.2
2012-04-19,7.33
2012-04-20,7.32
2012-04-23,7.07
2012-04-24,7.07
2012-04-25,7.03
2012-04-26,7.22
2012-04-27,7.24
2012-04-30,7.48
2012-05-01,7.47
2012-05-02,7.12
2012-05-03,7.06
2012-05-04,6.6
2012-05-07,6.61
2012-05-08,6.74
2012-05-09,6.68
2012-05-10,6.65
2012-05-11,6.73
2012-05-14,6.56
2012-05-15,6.45
2012-05-16,6.5
2012-05-17,6.45
2012-05-18,6.33
2012-05-21,6.6
2012-05-22,6.88
2012-05-23,6.68
2012-05-24,6.78
2012-05-25,6.8
2012-05-28,6.68
2012-05-29,6.54
2012-05-30,6.4
2012-05-31,6.27
2012-06-01,6.38
2012-06-04,6.38
2012-06-05,6.38
2012-06-06,6.36
2012-06-07,6.45
2012-06-08,6.6
2012-06-11,6.62
2012-06-12,6.65
2012-06-13,6.71
2012-06-14,6.84
2012-06-15,7.23
2012-06-18,7.33
2012-06-19,7.5
2012-06-20,7.44
2012-06-21,7.5
2012-06-22,8.09
2012-06-25,7.98
2012-06-26,7.98
2012-06-27,7.89
2012-06-28,7.91
2012-06-29,8.2
2012-07-01,8.24
2012-07-02,8.07
2012-07-03,8.25
2012-07-04,8.21
2012-07-05,8.27
2012-07-06,7.99
2012-07-09,7.93
2012-07-10,7.87
2012-07-11,7.82
2012-07-12,7.59
2012-07-13,7.59
2012-07-16,7.51
2012-07-17,7.62
2012-07-18,7.09
2012-07-19,6.82
2012-07-20,7.08
2012-07-23,7.07
2012-07-24,7.14
2012-07-25,6.8
2012-07-26,6.92
2012-07-27,6.86
2012-07-30,6.54
2012-07-31,6.88
2012-08-01,6.92
2012-08-02,7.03
2012-08-03,7.06
2012-08-06,7.16
2012-08-07,7.27
2012-08-08,7.19
2012-08-09,7.1
2012-08-10,7.16
2012-08-13,7.45
2012-08-14,7.61
2012-08-15,7.44
2012-08-16,7.66
2012-08-17,7.66
2012-08-20,7.6
2012-08-21,7.88
2012-08-22,7.99
2012-08-23,8.12
2012-08-24,8.13
2012-08-26,8.18
2012-08-27,8.1
2012-08-28,7.93
2012-08-29,7.67
2012-08-30,7.64
2012-08-31,8.03
2012-09-03,8.22
2012-09-04,8.17
2012-09-05,8.2
2012-09-06,8.21
2012-09-07,8.33
2012-09-10,7.79
2012-09-11,7.7
2012-09-12,7.89
2012-09-13,7.75
2012-09-14,7.4
2012-09-16,7.44
2012-09-17,7.35
2012-09-18,7.4
2012-09-19,7.52
2012-09-20,7.63
2012-09-21,7.41
2012-09-24,7.22
2012-09-25,7.45
2012-09-26,7.6
2012-09-27,7.81
2012-09-28,7.93
2012-10-01,7.92
2012-10-02,7.84
2012-10-03,7.56
2012-10-04,7.6
2012-10-05,7.77
2012-10-07,7.81
2012-10-08,7.89
2012-10-09,7.86
2012-10-10,7.69
2012-10-11,7.77
2012-10-12,7.8
2012-10-14,7.85
2012-10-15,7.66
2012-10-16,7.96
2012-10-17,8.24
2012-10-18,8.04
2012-10-19,7.94
2012-10-22,7.87
2012-10-23,7.86
2012-10-24,7.65
2012-10-25,7.66
2012-10-26,7.86
2012-10-29,8.05
2012-10-30,8.13
2012-10-31,8.23
2012-11-01,8.04
2012-11-02,8.1
2012-11-05,8.25
2012-11-06,8.34
2012-11-07,8.22
2012-11-08,8.27
2012-11-09,8.32
2012-11-12,9.07
2012-11-13,8.4
2012-11-14,7.91
2012-11-15,7.12
2012-11-16,6.89
2012-11-19,6.71
2012-11-20,6.74
2012-11-21,6.77
2012-11-22,6.78
2012-11-23,7.01
2012-11-26,6.84
2012-11-27,6.85
2012-11-28,6.83
2012-11-29,6.58
2012-11-30,6.2
2012-12-02,6.2
2012-12-03,5.95
2012-12-04,5.72
2012-12-05,6.15
2012-12-06,6.39
2012-12-07,6.78
2012-12-10,7.07
2012-12-11,6.84
2012-12-12,6.75
2012-12-13,6.67
2012-12-14,6.57
2012-12-17,6.47
2012-12-18,6.7
2012-12-19,7.03
2012-12-20,7.17
2012-12-21,7.0
2012-12-24,6.92
2012-12-26,7.08
2012-12-27,6.84
2012-12-28,6.5
2012-12-31,6.45
2013-01-02,6.37
2013-01-03,6.2
2013-01-04,6.14
2013-01-07,6.46
2013-01-08,6.27
2013-01-09,6.02
2013-01-10,5.86
2013-01-11,5.72
2013-01-14,5.71
2013-01-15,5.88
2013-01-16,5.47
2013-01-17,5.44
2013-01-18,4.97
2013-01-20,5.09
2013-01-21,4.81
2013-01-22,5.3
2013-01-23,4.52
2013-01-24,4.21
2013-01-25,4.0
2013-01-28,4.07
2013-01-29,3.88
2013-01-30,3.69
2013-01-31,3.31
2013-02-01,4.21
2013-02-04,4.19
2013-02-05,4.29
2013-02-06,4.06
2013-02-07,4.09
2013-02-08,4.43
2013-02-11,4.36
2013-02-12,4.46
2013-02-13,5.1
2013-02-14,5.12
2013-02-15,5.06
2013-02-18,4.99
2013-02-19,4.56
2013-02-20,4.86
2013-02-21,5.17
2013-02-22,5.07
2013-02-25,4.47
2013-02-26,4.2
2013-02-27,4.37
2013-02-28,4.8
2013-03-01,4.57
2013-03-04,4.53
2013-03-05,4.14
2013-03-06,4.19
2013-03-07,4.24
2013-03-08,4.18
2013-03-11,3.88
2013-03-12,3.66
2013-03-13,3.45
2013-03-14,3.63
2013-03-15,3.71
2013-03-18,3.48
2013-03-19,3.45
2013-03-20,3.9
2013-03-21,4.35
2013-03-22,4.08
2013-03-25,4.42
2013-03-26,4.55
2013-03-27,4.88
2013-03-28,4.74
2013-04-02,4.87
2013-04-03,4.85
2013-04-04,4.97
2013-04-05,5.1
2013-04-08,5.12
2013-04-09,4.71
2013-04-10,4.23
2013-04-11,4.28
2013-04-12,4.7
2013-04-15,4.68
2013-04-16,3.03
2013-04-17,2.7
2013-04-18,3.02
2013-04-19,3.11
2013-04-22,2.84
2013-04-23,3.05
2013-04-24,2.98
2013-04-25,2.92
2013-04-26,3.05
2013-04-29,3.26
2013-04-30,3.07
2013-05-01,2.87
2013-05-02,3.04
2013-05-03,3.73
2013-05-06,3.86
2013-05-07,3.69
2013-05-08,3.44
2013-05-09,3.74
2013-05-10,3.33
2013-05-13,3.22
2013-05-14,3.47
2013-05-15,3.59
2013-05-16,3.65
2013-05-17,3.49
2013-05-20,3.56
2013-05-21,3.51
2013-05-22,3.28
2013-05-23,3.36
2013-05-24,3.51
2013-05-27,3.45
2013-05-28,3.6
2013-05-29,3.7
2013-05-30,3.77
2013-05-31,3.91
2013-06-03,3.87
2013-06-04,3.91
2013-06-05,3.86
2013-06-06,3.95
2013-06-07,4.07
2013-06-10,4.0
2013-06-11,4.16
2013-06-12,4.46
2013-06-13,4.38
2013-06-14,4.74
2013-06-17,4.55
2013-06-18,4.67
2013-06-19,4.35
2013-06-20,4.4
2013-06-21,4.35
2013-06-24,4.09
2013-06-25,4.25
2013-06-26,4.39
2013-06-27,4.4
2013-06-28,4.18
2013-07-01,4.21
2013-07-02,4.26
2013-07-03,4.66
2013-07-04,4.52
2013-07-05,4.26
2013-07-08,4.21
2013-07-09,4.14
2013-07-10,4.02
2013-07-11,4.07
2013-07-12,4.02
2013-07-15,4.03
2013-07-16,4.1
2013-07-17,4.1
2013-07-18,4.1
2013-07-19,4.16
2013-07-22,4.18
2013-07-23,4.23
2013-07-24,4.27
2013-07-25,4.27
2013-07-26,4.3
2013-07-29,4.3
2013-07-30,4.26
2013-07-31,4.31
2013-08-01,4.32
2013-08-02,4.37
2013-08-05,4.4
2013-08-06,4.49
2013-08-07,4.43
2013-08-08,4.5
2013-08-09,4.43
2013-08-12,4.3
2013-08-13,4.28
2013-08-14,4.34
2013-08-15,4.34
2013-08-16,4.34
2013-08-19,4.31
2013-08-20,4.34
2013-08-21,4.36
2013-08-22,4.51
2013-08-23,4.42
2013-08-26,4.41
2013-08-27,4.53
2013-08-28,4.59
2013-08-29,4.58
2013-08-30,4.55
2013-09-02,4.49
2013-09-03,4.4
2013-09-04,4.54
2013-09-05,4.95
2013-09-06,5.32
2013-09-09,5.3
2013-09-10,5.12
2013-09-11,5.25
2013-09-12,5.61
2013-09-13,5.39
2013-09-16,5.46
2013-09-17,5.66
2013-09-18,5.52
2013-09-19,5.35
2013-09-20,5.35
2013-09-23,5.41
2013-09-24,5.37
2013-09-25,5.37
2013-09-26,5.46
2013-09-27,5.39
2013-09-30,5.02
2013-10-01,5.14
2013-10-02,5.27
2013-10-03,5.19
2013-10-04,5.09
2013-10-07,4.95
2013-10-08,4.85
2013-10-09,4.78
2013-10-10,4.75
2013-10-11,4.6
2013-10-14,4.8
2013-10-15,4.94
2013-10-16,5.32
2013-10-17,5.16
2013-10-18,5.11
2013-10-21,4.57
2013-10-22,4.69
2013-10-23,4.6
2013-10-24,4.65
2013-10-25,4.99
2013-10-28,4.8
2013-10-29,5.08
2013-10-30,4.95
2013-10-31,4.8
2013-11-01,4.61
2013-11-04,4.55
2013-11-05,4.79
2013-11-06,4.77
2013-11-07,4.79
2013-11-08,4.48
2013-11-11,4.6
2013-11-12,4.64
2013-11-13,4.64
2013-11-14,4.58
2013-11-15,4.49
2013-11-18,4.34
2013-11-19,4.42
2013-11-20,4.49
2013-11-21,4.41
2013-11-22,4.43
2013-11-24,4.43
2013-11-25,4.4
2013-11-26,4.49
2013-11-27,4.47
2013-11-28,4.43
2013-11-29,4.36
2013-12-02,4.5
2013-12-03,4.48
2013-12-04,4.48
2013-12-05,4.64
2013-12-06,4.79
2013-12-09,4.9
2013-12-10,5.02
2013-12-11,4.88
2013-12-12,4.9
2013-12-13,4.8
2013-12-16,4.67
2013-12-17,4.89
2013-12-18,4.87
2013-12-19,4.93
2013-12-20,4.75
2013-12-23,4.78
2013-12-24,4.91
2013-12-26,4.99
2013-12-27,4.92
2013-12-30,4.91
2013-12-31,4.83
2014-01-01,4.93
2014-01-02,4.71
2014-01-03,4.69
2014-01-06,4.61
2014-01-07,4.66
2014-01-08,4.57
2014-01-09,4.5
2014-01-10,4.52
2014-01-13,4.62
2014-01-14,4.81
2014-01-15,4.8
2014-01-16,5.05
2014-01-17,5.05
2014-01-20,4.91
2014-01-21,5.02
2014-01-22,5.11
2014-01-23,5.01
2014-01-24,5.24
2014-01-27,5.35
2014-01-28,5.5
2014-01-29,5.48
2014-01-30,5.69
2014-01-31,5.5
2014-02-03,5.82
2014-02-04,5.8
2014-02-05,6.06
2014-02-06,6.43
2014-02-07,6.41
2014-02-10,6.4
2014-02-11,6.24
2014-02-12,6.34
2014-02-13,6.37
2014-02-14,6.57
2014-02-17,6.79
2014-02-18,6.73
2014-02-19,6.9
2014-02-20,6.97
2014-02-21,7.12
2014-02-24,6.99
2014-02-25,6.21
2014-02-26,6.48
2014-02-27,6.5
2014-02-28,7.06
2014-03-03,6.61
2014-03-04,6.81
2014-03-05,6.77
2014-03-06,6.8
2014-03-07,6.9
2014-03-10,6.89
2014-03-11,6.82
2014-03-12,6.5
2014-03-13,6.43
2014-03-14,6.29
2014-03-17,5.87
2014-03-18,5.75
2014-03-19,5.99
2014-03-20,6.01
2014-03-21,6.18
2014-03-24,5.86
2014-03-25,5.85
2014-03-26,5.8
2014-03-27,5.17
2014-03-28,4.34
2014-03-31,4.64
2014-04-01,5.04
2014-04-02,4.82
2014-04-03,4.85
2014-04-04,4.68
2014-04-07,4.97
2014-04-08,4.85
2014-04-09,4.93
2014-04-10,5.11
2014-04-11,5.31
2014-04-14,5.23
2014-04-15,5.53
2014-04-16,5.45
2014-04-17,5.54
2014-04-22,5.67
2014-04-23,5.66
2014-04-24,5.71
2014-04-25,5.06
2014-04-28,5.2
2014-04-29,5.41
2014-04-30,5.4
2014-05-01,5.41
2014-05-02,5.18
2014-05-05,5.21
2014-05-06,5.22
2014-05-07,5.12
2014-05-08,5.13
2014-05-09,5.24
2014-05-11,5.3
2014-05-12,5.3
2014-05-13,5.28
2014-05-14,5.1
2014-05-15,4.77
2014-05-16,4.79
2014-05-19,4.69
2014-05-20,4.84
2014-05-21,5.12
2014-05-22,5.16
2014-05-23,5.12
2014-05-26,5.09
2014-05-27,5.17
2014-05-28,5.2
2014-05-29,5.2
2014-05-30,5.05
2014-06-02,5.14
2014-06-03,5.43
2014-06-04,5.39
2014-06-05,5.54
2014-06-06,5.44
2014-06-09,5.53
2014-06-10,5.49
2014-06-11,5.36
2014-06-12,5.55
2014-06-13,5.66
2014-06-16,5.63
2014-06-17,5.7
2014-06-18,5.65
2014-06-19,5.54
2014-06-20,5.65
2014-06-23,5.79
2014-06-24,5.74
2014-06-25,5.71
2014-06-26,5.7
2014-06-27,5.76
2014-06-30,5.81
2014-07-01,6.01
2014-07-02,6.07
2014-07-03,5.99
2014-07-04,5.65
2014-07-06,5.67
2014-07-07,5.54
2014-07-08,5.73
2014-07-09,5.79
2014-07-10,5.66
2014-07-11,5.72
2014-07-14,5.86
2014-07-15,5.92
2014-07-16,6.02
2014-07-17,6.13
2014-07-18,5.98
2014-07-21,6.04
2014-07-22,6.15
2014-07-23,6.15
2014-07-24,6.03
2014-07-25,6.11
2014-07-28,6.17
2014-07-29,6.02
2014-07-30,6.11
2014-07-31,6.19
2014-08-01,6.26
2014-08-03,6.29
2014-08-04,6.22
2014-08-05,6.18
2014-08-06,6.19
2014-08-07,5.93
2014-08-08,5.96
2014-08-11,6.11
2014-08-12,6.09
2014-08-13,6.21
2014-08-14,6.21
2014-08-15,6.36
2014-08-18,6.32
2014-08-19,6.43
2014-08-20,6.41
2014-08-21,6.34
2014-08-22,6.35
2014-08-25,6.32
2014-08-26,6.29
2014-08-27,6.35
2014-08-28,6.43
2014-08-29,6.38
2014-09-01,6.39
2014-09-02,6.38
2014-09-03,6.32
2014-09-04,6.11
2014-09-05,6.26
2014-09-08,6.27
2014-09-09,6.12
2014-09-10,6.08
2014-09-11,6.1
2014-09-12,6.04
2014-09-15,5.91
2014-09-16,5.79
2014-09-17,5.88
2014-09-18,5.97
2014-09-19,6.01
2014-09-22,5.98
2014-09-23,5.65
2014-09-24,5.8
2014-09-25,5.8
2014-09-26,5.91
2014-09-29,5.75
2014-09-30,5.82
2014-10-01,5.79
2014-10-02,5.67
2014-10-03,5.66
2014-10-06,5.66
2014-10-07,5.72
2014-10-08,6.03
2014-10-09,6.1
2014-10-10,6.02
2014-10-13,6.04
2014-10-14,6.07
2014-10-15,6.14
2014-10-16,6.2
2014-10-17,6.12
2014-10-20,6.13
2014-10-21,6.17
2014-10-22,6.21
2014-10-23,6.32
2014-10-24,6.39
2014-10-27,6.27
2014-10-28,6.15
2014-10-29,6.41
2014-10-30,6.41
2014-10-31,6.34
2014-11-03,6.57
2014-11-04,6.47
2014-11-05,6.63
2014-11-06,6.62
2014-11-07,6.75
2014-11-10,6.71
2014-11-11,6.79
2014-11-12,6.84
2014-11-13,6.78
2014-11-14,6.61
2014-11-17,6.89
2014-11-18,7.01
2014-11-19,7.03
2014-11-20,6.95
2014-11-21,6.99
2014-11-24,7.04
2014-11-25,7.12
2014-11-26,7.19
2014-11-27,7.09
2014-11-28,7.04
2014-11-30,7.05
2014-12-01,7.07
2014-12-02,6.85
2014-12-03,6.89
2014-12-04,6.84
2014-12-05,6.66
2014-12-07,6.67
2014-12-08,6.66
2014-12-09,6.74
2014-12-10,6.56
2014-12-11,6.74
2014-12-12,6.66
2014-12-14,6.76
2014-12-15,6.89
2014-12-16,6.91
2014-12-17,6.99
2014-12-18,7.04
2014-12-19,7.08
2014-12-21,7.17
2014-12-22,7.11
2014-12-23,7.25
2014-12-24,7.37
2014-12-28,7.47
2014-12-29,7.25
2014-12-30,7.21
2014-12-31,7.25
2015-01-02,7.01
2015-01-05,6.9
2015-01-06,6.77
2015-01-07,6.78
2015-01-08,6.81
2015-01-09,6.71
2015-01-12,6.71
2015-01-13,7.29
2015-01-14,7.16
2015-01-15,7.12
2015-01-16,7.13
2015-01-19,7.21
2015-01-20,7.16
2015-01-21,7.32
2015-01-22,6.76
2015-01-23,6.8
2015-01-26,6.85
2015-01-27,6.84
2015-01-28,6.95
2015-01-29,7.06
2015-01-30,7.08
2015-02-02,7.13
2015-02-03,7.06
2015-02-04,6.93
2015-02-05,7.0
2015-02-06,6.95
2015-02-09,6.91
2015-02-10,7.1
2015-02-11,7.23
2015-02-12,7.39
2015-02-13,7.63
2015-02-16,7.65
2015-02-17,7.47
2015-02-18,7.49
2015-02-19,7.34
2015-02-20,7.32
2015-02-23,7.7
2015-02-24,7.47
2015-02-25,7.39
2015-02-26,7.06
2015-02-27,7.1
2015-03-02,6.95
2015-03-03,6.73
2015-03-04,7.02
2015-03-05,6.75
2015-03-06,6.8
2015-03-09,6.68
2015-03-10,6.82
2015-03-11,6.76
2015-03-12,6.41
2015-03-13,6.46
2015-03-16,6.49
2015-03-17,6.73
2015-03-18,6.74
2015-03-19,6.67
2015-03-20,7.04
2015-03-23,7.04
2015-03-24,7.03
2015-03-25,6.97
2015-03-26,6.95
2015-03-27,6.76
2015-03-30,6.88
2015-03-31,6.92
2015-04-01,7.14
2015-04-02,7.15
2015-04-06,7.15
2015-04-07,7.11
2015-04-08,7.12
2015-04-09,7.01
2015-04-10,6.94
2015-04-13,6.8
2015-04-14,6.8
2015-04-15,6.85
2015-04-16,6.87
2015-04-17,6.84
2015-04-20,7.13
2015-04-21,7.08
2015-04-22,7.09
2015-04-23,7.25
2015-04-24,7.28
2015-04-27,7.15
2015-04-28,7.35
2015-04-29,7.46
2015-04-30,7.39
2015-05-01,7.48
2015-05-04,7.58
2015-05-05,7.55
2015-05-06,7.53
2015-05-07,7.43
2015-05-08,7.53
2015-05-11,7.62
2015-05-12,7.59
2015-05-13,7.64
2015-05-14,7.55
2015-05-15,7.59
2015-05-18,7.6
2015-05-19,7.37
2015-05-20,7.35
2015-05-21,7.3
2015-05-22,7.3
2015-05-25,7.36
2015-05-26,7.22
2015-05-27,7.17
2015-05-28,7.18
2015-05-29,7.32
2015-06-01,7.24
2015-06-02,7.44
2015-06-03,7.48
2015-06-04,7.39
2015-06-05,7.4
2015-06-08,7.44
2015-06-09,7.56
2015-06-10,7.58
2015-06-11,7.5
2015-06-12,7.61
2015-06-15,7.51
2015-06-16,7.41
2015-06-17,7.46
2015-06-18,7.45
2015-06-19,7.41
2015-06-22,7.46
2015-06-23,7.48
2015-06-24,7.48
2015-06-25,7.58
2015-06-26,7.52
2015-06-29,7.33
2015-06-30,7.42
2015-07-01,7.47
2015-07-02,7.43
2015-07-03,7.42
2015-07-06,7.36
2015-07-07,7.44
2015-07-08,7.43
2015-07-09,7.46
2015-07-10,7.59
2015-07-13,7.77
2015-07-14,7.71
2015-07-15,7.74
2015-07-16,7.64
2015-07-17,7.72
2015-07-20,7.96
2015-07-21,7.94
2015-07-22,7.94
2015-07-23,8.05
2015-07-24,7.98
2015-07-27,8.0
2015-07-28,8.0
2015-07-29,8.04
2015-07-30,7.86
2015-07-31,7.85
2015-08-03,7.93
2015-08-04,7.88
2015-08-05,7.81
2015-08-06,7.82
2015-08-07,7.76
2015-08-10,7.9
2015-08-11,8.07
2015-08-12,8.17
2015-08-13,8.17
2015-08-14,8.3
2015-08-17,8.22
2015-08-18,8.25
2015-08-19,8.32
2015-08-20,8.34
2015-08-21,8.18
2015-08-24,8.15
2015-08-25,8.23
2015-08-26,8.08
2015-08-27,8.03
2015-08-28,8.09
2015-08-31,8.05
2015-09-01,7.99
2015-09-02,8.1
2015-09-03,8.15
2015-09-04,8.07
2015-09-07,8.06
2015-09-08,8.22
2015-09-09,8.25
2015-09-10,8.26
2015-09-11,8.24
2015-09-14,8.21
2015-09-15,8.15
2015-09-16,8.21
2015-09-17,8.21
2015-09-18,8.09
2015-09-21,7.96
2015-09-22,8.0
2015-09-23,8.05
2015-09-24,7.99
2015-09-25,7.98
2015-09-28,7.9
2015-09-29,7.96
2015-09-30,8.13
2015-10-01,8.15
2015-10-02,8.13
2015-10-05,8.19
2015-10-06,8.2
2015-10-07,8.09
2015-10-08,8.11
2015-10-09,8.33
2015-10-12,8.28
2015-10-13,8.32
2015-10-14,8.42
2015-10-15,8.41
2015-10-16,8.38
2015-10-19,8.34
2015-10-20,8.46
2015-10-21,8.44
2015-10-22,8.47
2015-10-23,8.62
2015-10-26,8.65
2015-10-27,8.6
2015-10-28,8.56
2015-10-29,8.67
2015-10-30,8.63
2015-11-02,8.59
2015-11-03,8.44
2015-11-04,8.39
2015-11-05,8.46
2015-11-06,8.4
2015-11-09,8.31
2015-11-10,8.44
2015-11-11,8.44
2015-11-12,8.37
2015-11-13,8.39
2015-11-16,8.53
2015-11-17,8.61
2015-11-18,8.58
2015-11-19,8.63
2015-11-20,8.51
2015-11-23,8.56
2015-11-24,8.65
2015-11-25,8.62
2015-11-26,8.58
2015-11-27,8.58
2015-11-30,8.58
2015-12-01,8.56
2015-12-02,8.48
2015-12-03,8.59
2015-12-04,8.52
2015-12-07,8.41
2015-12-08,8.41
2015-12-09,8.4
2015-12-10,8.36
2015-12-11,8.07
2015-12-14,8.07
2015-12-15,8.19
2015-12-16,8.13
2015-12-17,8.07
2015-12-18,8.06
2015-12-21,8.19
2015-12-22,8.25
2015-12-23,8.22
2015-12-24,8.19
2015-12-28,8.31
2015-12-29,8.27
2015-12-30,8.21
2015-12-31,8.22
2016-01-04,8.04
2016-01-05,7.99
2016-01-06,7.74
2016-01-07,7.54
2016-01-08,7.41
2016-01-11,7.12
2016-01-12,7.1
2016-01-13,7.24
2016-01-14,7.08
2016-01-15,6.67
2016-01-18,6.71
2016-01-19,6.81
2016-01-20,6.31
2016-01-21,6.17
2016-01-22,6.32
2016-01-25,5.87
2016-01-26,6.07
2016-01-27,5.9
2016-01-28,6.06
2016-01-29,6.04
2016-02-01,5.68
2016-02-02,5.81
2016-02-03,5.61
2016-02-04,5.6
2016-02-05,5.54
2016-02-08,5.23
2016-02-09,4.95
2016-02-10,4.87
2016-02-11,4.73
2016-02-12,5.05
2016-02-15,4.79
2016-02-16,4.67
2016-02-17,5.07
2016-02-18,5.24
2016-02-19,5.15
2016-02-22,5.4
2016-02-23,4.89
2016-02-24,4.85
2016-02-25,5.06
2016-02-26,4.98
2016-02-29,4.99
2016-03-01,4.99
2016-03-02,4.95
2016-03-03,4.88
2016-03-04,4.92
2016-03-07,5.09
2016-03-08,5.01
2016-03-09,5.07
2016-03-10,4.9
2016-03-11,4.98
2016-03-14,4.85
2016-03-15,4.85
2016-03-16,4.95
2016-03-17,4.99
2016-03-18,4.93
2016-03-21,4.86
2016-03-22,4.81
2016-03-23,4.79
2016-03-24,4.84
2016-03-29,4.77
2016-03-30,4.95
2016-03-31,5.2
2016-04-01,5.16
2016-04-04,5.32
2016-04-05,5.23
2016-04-06,5.3
2016-04-07,5.27
2016-04-08,5.41
2016-04-11,5.57
2016-04-12,5.58
2016-04-13,5.53
2016-04-14,5.6
2016-04-15,5.47
2016-04-18,5.46
2016-04-19,5.56
2016-04-20,5.54
2016-04-21,5.74
2016-04-22,5.96
2016-04-25,5.89
2016-04-26,6.61
2016-04-27,6.83
2016-04-28,6.33
2016-04-29,6.17
2016-05-02,6.1
2016-05-03,5.98
2016-05-04,6.12
2016-05-05,6.19
2016-05-06,5.85
2016-05-09,5.69
2016-05-10,5.89
2016-05-11,6.01
2016-05-12,5.8
2016-05-13,5.84
2016-05-16,6.1
2016-05-17,6.04
2016-05-18,6.05
2016-05-19,5.98
2016-05-20,5.95
2016-05-23,5.72
2016-05-24,5.78
2016-05-25,5.85
2016-05-26,6.01
2016-05-27,6.02
2016-05-30,6.1
2016-05-31,6.08
2016-06-01,5.95
2016-06-02,6.01
2016-06-03,5.93
2016-06-06,6.19
2016-06-07,6.1
2016-06-08,6.09
2016-06-09,6.1
2016-06-10,5.94
2016-06-13,5.84
2016-06-14,5.84
2016-06-15,5.89
2016-06-16,5.7
2016-06-17,5.66
2016-06-20,5.84
2016-06-21,5.54
2016-06-22,5.67
2016-06-23,5.63
2016-06-24,4.95
2016-06-27,4.76
2016-06-28,4.68
2016-06-29,4.51
2016-06-30,4.46
2016-07-01,4.61
2016-07-04,4.96
2016-07-05,4.7
2016-07-06,4.58
2016-07-07,4.57
2016-07-08,4.53
2016-07-11,4.42
2016-07-12,4.62
2016-07-13,4.78
2016-07-14,4.77
2016-07-15,4.92
2016-07-18,4.84
2016-07-19,4.66
2016-07-20,4.68
2016-07-21,4.64
2016-07-22,4.55
2016-07-25,4.58
2016-07-26,4.5
2016-07-27,4.52
2016-07-28,4.47
2016-07-29,4.41
2016-08-01,4.37
2016-08-02,4.4
2016-08-03,4.62
2016-08-04,4.68
2016-08-05,4.72
2016-08-08,4.94
2016-08-09,4.87
2016-08-10,4.76
2016-08-11,4.87
2016-08-12,4.89
2016-08-15,4.8
2016-08-16,4.69
2016-08-17,4.48
2016-08-18,4.68
2016-08-19,4.76
2016-08-22,4.89
2016-08-23,4.7
2016-08-24,4.6
2016-08-25,4.7
2016-08-26,4.69
2016-08-29,4.69
2016-08-30,4.54
2016-08-31,4.46
2016-09-01,4.37
2016-09-02,4.08
2016-09-05,3.93
2016-09-06,4.13
2016-09-07,4.01
2016-09-08,4.08
2016-09-09,4.08
2016-09-12,4.03
2016-09-13,4.02
2016-09-14,3.98
2016-09-15,4.14
2016-09-16,4.36
2016-09-19,4.4
2016-09-20,4.16
2016-09-21,4.21
2016-09-22,4.42
2016-09-23,4.54
2016-09-26,4.62
2016-09-27,4.43
2016-09-28,4.95
2016-09-29,5.02
2016-09-30,4.96
2016-10-03,5.31
2016-10-04,5.21
2016-10-05,5.48
2016-10-06,5.86
2016-10-07,5.69
2016-10-10,5.66
2016-10-11,5.43
2016-10-12,5.52
2016-10-13,5.65
2016-10-14,5.81
2016-10-17,5.87
2016-10-18,5.95
2016-10-19,5.67
2016-10-20,5.58
2016-10-21,5.89
2016-10-24,5.81
2016-10-25,5.81
2016-10-26,5.94
2016-10-27,5.81
2016-10-28,5.88
2016-10-31,5.9
2016-11-01,6.03
2016-11-02,6.24
2016-11-03,6.5
2016-11-04,6.41
2016-11-07,6.23
2016-11-08,6.15
2016-11-09,6.13
2016-11-10,5.92
2016-11-11,5.67
2016-11-14,5.41
2016-11-15,5.74
2016-11-16,5.55
2016-11-17,5.9
2016-11-18,5.58
2016-11-21,5.48
2016-11-22,5.51
2016-11-23,5.39
2016-11-24,5.34
2016-11-25,5.0
2016-11-28,4.74
2016-11-29,4.56
2016-11-30,4.58
2016-12-01,4.46
2016-12-02,4.3
2016-12-05,4.37
2016-12-06,4.5
2016-12-07,4.3
2016-12-08,4.61
2016-12-09,4.46
2016-12-12,4.87
2016-12-13,4.79
2016-12-14,5.01
2016-12-15,4.84
2016-12-16,4.93
2016-12-19,5.09
2016-12-20,5.23
2016-12-21,5.8
2016-12-22,6.07
2016-12-23,6.22
2016-12-27,6.32
2016-12-28,6.32
2016-12-29,6.34
2016-12-30,6.54
2017-01-02,6.11
2017-01-03,5.41
2017-01-04,5.7
2017-01-05,5.27
2017-01-06,5.03
2017-01-09,5.25
2017-01-10,5.49
2017-01-11,5.51
2017-01-12,5.03
2017-01-13,5.03
2017-01-16,4.69
2017-01-17,4.99
2017-01-18,4.83
2017-01-19,5.19
2017-01-20,5.42
2017-01-23,5.31
2017-01-24,5.07
2017-01-25,4.97
2017-01-26,5.19
2017-01-27,4.91
2017-01-30,5.34
2017-01-31,5.69
2017-02-01,5.61
2017-02-02,5.56
2017-02-03,5.49
2017-02-06,5.43
2017-02-07,5.5
2017-02-08,5.55
2017-02-09,5.62
2017-02-10,5.45
2017-02-13,5.24
2017-02-14,5.48
2017-02-15,5.42
2017-02-16,5.28
2017-02-17,5.31
2017-02-20,5.43
2017-02-21,5.39
2017-02-22,5.41
2017-02-23,5.7
2017-02-24,5.73
2017-02-27,5.53
2017-02-28,5.57
2017-03-01,6.26
2017-03-02,5.81
2017-03-03,5.94
2017-03-06,5.83
2017-03-07,5.72
2017-03-08,5.58
2017-03-09,5.46
2017-03-10,5.51
2017-03-13,5.5
2017-03-14,5.45
2017-03-15,5.54
2017-03-16,5.49
2017-03-17,5.48
2017-03-20,5.33
2017-03-21,5.28
2017-03-22,5.31
2017-03-23,5.32
2017-03-24,5.11
2017-03-27,4.97
2017-03-28,5.08
2017-03-29,5.11
2017-03-30,5.27
2017-03-31,5.04
2017-04-03,5.21
2017-04-04,4.98
2017-04-05,5.18
2017-04-06,5.43
2017-04-07,5.25
2017-04-10,5.15
2017-04-11,5.24
2017-04-12,5.31
2017-04-13,5.32
2017-04-18,5.24
2017-04-19,5.22
2017-04-20,5.12
2017-04-21,4.94
2017-04-24,5.02
2017-04-25,4.87
2017-04-26,4.98
2017-04-27,4.93
2017-04-28,4.94
2017-05-01,4.57
2017-05-02,4.81
2017-05-03,4.77
2017-05-04,4.87
2017-05-05,4.94
2017-05-08,4.79
2017-05-09,4.89
2017-05-10,4.82
2017-05-11,4.72
2017-05-12,4.83
2017-05-15,4.76
2017-05-16,4.91
2017-05-17,4.95
2017-05-18,5.13
2017-05-19,5.22
2017-05-22,5.29
2017-05-23,5.13
2017-05-24,5.3
2017-05-25,5.37
2017-05-26,5.58
2017-05-29,5.57
2017-05-30,5.53
2017-05-31,5.35
2017-06-01,5.45
2017-06-02,5.54
2017-06-05,5.55
2017-06-06,5.35
2017-06-07,5.26
2017-06-08,5.43
2017-06-09,5.42
2017-06-12,5.3
2017-06-13,5.4
2017-06-14,5.32
2017-06-15,5.33
2017-06-16,5.26
2017-06-19,5.31
2017-06-20,5.35
2017-06-21,5.26
2017-06-22,5.25
2017-06-23,5.25
2017-06-26,5.16
2017-06-27,5.33
2017-06-28,5.33
2017-06-29,5.46
2017-06-30,5.42
2017-07-03,5.53
2017-07-04,5.51
2017-07-05,5.43
2017-07-06,5.63
2017-07-07,5.74
2017-07-10,5.8
2017-07-11,5.73
2017-07-12,5.88
2017-07-13,5.76
2017-07-14,5.82
2017-07-17,5.82
2017-07-18,5.85
2017-07-19,5.84
2017-07-20,5.75
2017-07-21,5.6
2017-07-24,5.64
2017-07-25,5.67
2017-07-26,5.76
2017-07-27,5.65
2017-07-28,5.69
2017-07-31,5.73
2017-08-01,5.8
2017-08-02,5.93
2017-08-03,5.94
2017-08-04,5.86
2017-08-07,5.77
2017-08-08,5.77
2017-08-09,5.92
2017-08-10,5.96
2017-08-11,5.99
2017-08-14,6.12
2017-08-15,6.13
2017-08-16,6.39
2017-08-17,6.41
2017-08-18,6.41
2017-08-21,6.34
2017-08-22,6.37
2017-08-23,6.54
2017-08-24,6.55
2017-08-25,6.69
2017-08-28,6.7
2017-08-29,6.64
2017-08-30,6.62
2017-08-31,6.54
2017-09-01,6.43
2017-09-04,6.51
2017-09-05,7.0
2017-09-06,7.19
2017-09-07,7.4
2017-09-08,7.56
2017-09-11,7.37
2017-09-12,7.36
2017-09-13,7.6
2017-09-14,7.6
2017-09-15,7.44
2017-09-18,7.22
2017-09-19,7.52
2017-09-20,7.4
2017-09-21,7.05
2017-09-22,7.14
2017-09-25,7.78
2017-09-26,7.51
2017-09-27,7.46
2017-09-28,7.48
2017-09-29,7.59
2017-10-02,7.46
2017-10-03,7.52
2017-10-04,7.44
2017-10-05,7.42
2017-10-06,7.52
2017-10-09,7.48
2017-10-10,7.87
2017-10-11,7.85
2017-10-12,7.87
2017-10-13,7.78
2017-10-16,7.78
2017-10-17,7.84
2017-10-18,8.24
2017-10-19,8.08
2017-10-20,8.0
2017-10-23,7.87
2017-10-24,7.91
2017-10-25,7.84
2017-10-26,7.64
2017-10-27,7.61
2017-10-30,7.58
2017-10-31,7.81
2017-11-01,7.95
2017-11-02,8.1
2017-11-03,8.32
2017-11-06,8.36
2017-11-07,8.22
2017-11-08,8.18
2017-11-09,8.01
2017-11-10,7.86
2017-11-13,7.81
2017-11-14,7.85
2017-11-15,8.15
2017-11-16,7.95
2017-11-17,7.93
2017-11-20,7.9
2017-11-21,7.85
2017-11-22,7.83
2017-11-23,8.12
2017-11-24,8.21
2017-11-27,8.15
2017-11-28,8.04
2017-11-29,8.14
2017-11-30,7.97
2017-12-01,8.13
2017-12-04,8.0
2017-12-05,7.87
2017-12-06,7.72
2017-12-07,7.79
2017-12-08,7.58
2017-12-11,7.64
2017-12-12,7.61
2017-12-13,7.55
2017-12-14,7.56
2017-12-15,7.65
2017-12-18,7.86
2017-12-19,7.97
2017-12-20,8.24
2017-12-21,8.45
2017-12-22,8.62
2017-12-27,8.6
2017-12-28,8.64
2017-12-29,8.6
2018-01-02,8.22
2018-01-03,8.24
2018-01-04,8.18
2018-01-05,8.19
2018-01-08,8.07
2018-01-09,8.19
2018-01-10,8.28
2018-01-11,8.21
2018-01-12,8.26
2018-01-15,8.2
2018-01-16,8.45
2018-01-17,8.58
2018-01-18,8.89
2018-01-19,9.25
2018-01-22,9.31
2018-01-23,9.57
2018-01-24,10.02
2018-01-25,9.82
2018-01-26,9.67
2018-01-29,9.58
2018-01-30,9.46
2018-01-31,9.85
2018-02-01,9.85
2018-02-02,9.53
2018-02-05,9.63
2018-02-06,9.36
2018-02-07,9.56
2018-02-08,9.69
2018-02-09,9.79
2018-02-12,10.05
2018-02-13,10.52
2018-02-14,10.22
2018-02-15,10.16
2018-02-16,10.13
2018-02-19,10.5
2018-02-20,10.34
2018-02-21,10.18
2018-02-22,10.34
2018-02-23,10.43
2018-02-26,10.25
2018-02-27,10.77
2018-02-28,10.73
2018-03-01,10.62
2018-03-02,10.77
2018-03-05,10.99
2018-03-06,11.1
2018-03-07,11.27
2018-03-08,11.75
2018-03-09,11.79
2018-03-12,11.76
2018-03-13,12.11
2018-03-14,11.79
2018-03-15,11.74
2018-03-16,11.73
2018-03-19,11.62
2018-03-20,12.11
2018-03-21,13.27
2018-03-22,12.96
2018-03-23,13.23
2018-03-26,13.61
2018-03-27,14.38
2018-03-28,13.75
2018-03-29,14.04
2018-04-03,14.06
2018-04-04,13.83
2018-04-05,13.41
2018-04-06,13.76
2018-04-09,14.11
2018-04-10,14.16
2018-04-11,14.24
2018-04-12,14.44
2018-04-13,14.84
2018-04-16,14.92
2018-04-17,14.68
2018-04-18,14.84
2018-04-19,14.42
2018-04-20,14.02
2018-04-23,13.87
2018-04-24,14.22
2018-04-25,14.26
2018-04-26,14.51
2018-04-27,14.58
2018-04-30,14.6
2018-05-01,14.41
2018-05-02,14.08
2018-05-03,13.98
2018-05-04,14.04
2018-05-07,14.65
2018-05-08,14.63
2018-05-09,15.05
2018-05-10,15.66
2018-05-11,15.68
2018-05-14,15.7
2018-05-15,15.38
2018-05-16,16.25
2018-05-17,16.39
2018-05-18,16.38
2018-05-21,16.68
2018-05-22,17.08
2018-05-23,17.15
2018-05-24,17.45
2018-05-25,17.17
2018-05-28,17.47
2018-05-29,17.47
2018-05-30,17.02
2018-05-31,16.16
2018-06-01,16.55
2018-06-04,17.42
2018-06-05,17.11
2018-06-06,17.31
2018-06-07,17.37
2018-06-08,17.2
2018-06-11,16.96
2018-06-12,16.61
2018-06-13,16.77
2018-06-14,16.34
2018-06-15,15.98
2018-06-18,16.05
2018-06-19,15.69
2018-06-20,15.98
2018-06-21,16.31
2018-06-22,16.61
2018-06-25,16.54
2018-06-26,16.55
2018-06-27,16.78
2018-06-28,16.52
2018-06-29,16.51
2018-07-02,16.62
2018-07-03,16.65
2018-07-04,17.07
2018-07-05,17.25
2018-07-06,17.28
2018-07-09,17.58
2018-07-10,17.67
2018-07-11,17.95
2018-07-12,17.72
2018-07-13,17.69
2018-07-16,17.59
2018-07-17,17.74
2018-07-18,18.11
2018-07-19,18.56
2018-07-20,18.77
2018-07-23,19.09
2018-07-24,19.01
2018-07-25,19.28
2018-07-26,19.23
2018-07-27,19.09
2018-07-30,18.99
2018-07-31,19.34
2018-08-01,19.69
2018-08-02,19.53
2018-08-03,19.53
2018-08-06,19.42
2018-08-07,19.36
2018-08-08,19.22
2018-08-09,19.42
2018-08-10,19.73
2018-08-13,19.9
2018-08-14,20.0
2018-08-15,19.95
2018-08-16,19.86
2018-08-17,20.04
2018-08-20,20.44
2018-08-21,21.31
2018-08-22,21.82
2018-08-23,22.47
2018-08-24,22.83
2018-08-27,23.45
2018-08-28,22.86
2018-08-29,23.19
2018-08-30,23.29
2018-08-31,23.2
2018-09-03,22.28
2018-09-04,22.25
2018-09-05,22.44
2018-09-06,23.57
2018-09-07,25.33
2018-09-10,27.42
2018-09-11,26.66
2018-09-12,25.37
2018-09-13,21.29
2018-09-14,22.42
2018-09-17,23.46
2018-09-18,22.83
2018-09-19,24.09
2018-09-20,24.72
2018-09-21,24.88
2018-09-24,25.29
2018-09-25,24.27
2018-09-26,23.42
2018-09-27,24.0
2018-09-28,24.63
2018-10-01,24.96
2018-10-02,24.76
2018-10-03,24.96
2018-10-04,25.18
2018-10-05,26.1
2018-10-08,26.48
2018-10-09,25.33
2018-10-10,23.65
2018-10-11,23.88
2018-10-12,24.21
2018-10-15,22.09
2018-10-16,22.53
2018-10-17,22.27
2018-10-18,22.62
2018-10-19,22.64
2018-10-22,21.92
2018-10-23,21.8
2018-10-24,21.9
2018-10-25,21.41
2018-10-26,20.59
2018-10-29,18.91
2018-10-30,18.13
2018-10-31,18.49
2018-11-01,17.62
2018-11-02,19.18
2018-11-05,19.31
2018-11-06,19.69
2018-11-07,20.77
2018-11-08,21.75
2018-11-09,21.65
2018-11-12,22.7
2018-11-13,22.26
2018-11-14,21.78
2018-11-15,21.13
2018-11-16,21.31
2018-11-19,21.08
2018-11-20,21.62
2018-11-21,22.69
2018-11-22,23.14
2018-11-23,22.4
2018-11-26,22.02
2018-11-27,21.82
2018-11-28,21.5
2018-11-29,22.23
2018-11-30,22.7
2018-12-03,22.85
2018-12-04,22.99
2018-12-05,22.03
2018-12-06,22.36
2018-12-07,22.6
2018-12-10,23.22
2018-12-11,22.52
2018-12-12,23.81
2018-12-13,24.65
2018-12-14,25.76
2018-12-17,26.69
2018-12-18,26.42
2018-12-19,26.67
2018-12-20,26.53
2018-12-21,26.97
2018-12-24,27.25
2018-12-27,27.08
2018-12-28,27.02
2018-12-31,27.06
2019-01-02,27.37
2019-01-03,25.28
2019-01-04,25.66
2019-01-07,24.22
2019-01-08,24.78
2019-01-09,23.93
2019-01-10,23.96
2019-01-11,24.52
2019-01-14,24.33
2019-01-15,24.4
2019-01-16,25.18
2019-01-17,25.39
2019-01-18,26.63
2019-01-21,26.25
2019-01-22,26.94
2019-01-23,26.47
2019-01-24,25.85
2019-01-25,25.68
2019-01-28,24.5
2019-01-29,25.08
2019-01-30,24.72
2019-01-31,23.9
2019-02-01,23.55
2019-02-04,24.63
2019-02-05,24.74
2019-02-06,25.24
2019-02-07,25.02
2019-02-08,23.91
2019-02-11,23.97
2019-02-12,22.25
2019-02-13,22.51
2019-02-14,21.37
2019-02-15,22.04
2019-02-18,21.6
2019-02-19,21.81
2019-02-20,22.04
2019-02-21,20.32
2019-02-22,20.43
2019-02-25,20.65
2019-02-26,21.08
2019-02-27,22.7
2019-02-28,23.13
2019-03-01,23.73
2019-03-04,24.6
2019-03-05,24.42
2019-03-06,23.6
2019-03-07,24.76
2019-03-08,24.52
2019-03-11,23.78
2019-03-12,23.8
2019-03-13,23.72
2019-03-14,24.2
2019-03-15,23.92
2019-03-18,23.22
2019-03-19,22.53
2019-03-20,23.02
2019-03-21,22.28
2019-03-22,21.99
2019-03-25,22.23
2019-03-26,22.84
2019-03-27,23.15
2019-03-28,23.55
2019-03-29,22.82
2019-04-01,23.16
2019-04-02,23.25
2019-04-03,24.45
2019-04-04,25.72
2019-04-05,25.9
2019-04-08,25.58
2019-04-09,26.84
2019-04-10,27.41
2019-04-11,28.58
2019-04-12,27.82
2019-04-15,28.05
2019-04-16,28.25
2019-04-17,28.71
2019-04-18,28.14
2019-04-23,28.8
2019-04-24,28.66
2019-04-25,28.54
2019-04-26,27.09
2019-04-29,27.55
2019-04-30,27.43
2019-05-01,26.89
2019-05-02,25.79
2019-05-03,26.29
2019-05-06,26.42
2019-05-07,27.47
2019-05-08,27.99
2019-05-09,27.57
2019-05-10,26.62
2019-05-13,26.03
2019-05-14,26.87
2019-05-15,26.96
2019-05-16,26.56
2019-05-17,25.96
2019-05-20,26.16
2019-05-21,26.35
2019-05-22,27.34
2019-05-23,27.03
2019-05-24,26.44
2019-05-27,26.61
2019-05-28,26.46
2019-05-29,26.51
2019-05-30,26.28
2019-05-31,25.45
2019-06-03,24.74
2019-06-04,25.58
2019-06-05,25.28
2019-06-06,25.09
2019-06-07,25.66
2019-06-10,26.36
2019-06-11,26.11
2019-06-12,25.92
2019-06-13,26.05
2019-06-14,26.15
2019-06-17,26.12
2019-06-18,26.22
2019-06-19,26.07
2019-06-20,26.2
2019-06-21,26.42
2019-06-24,27.53
2019-06-25,27.64
2019-06-26,28.65
2019-06-27,28.15
2019-06-28,27.5
2019-07-01,28.17
2019-07-02,27.98
2019-07-03,27.78
2019-07-04,27.28
2019-07-05,27.67
2019-07-08,28.16
2019-07-09,27.9
2019-07-10,29.65
2019-07-11,29.71
2019-07-12,30.26
2019-07-15,30.56
2019-07-16,29.98
2019-07-17,29.98
2019-07-18,29.28
2019-07-19,30.38
2019-07-22,30.5
2019-07-23,31.33
2019-07-24,30.7
2019-07-25,30.51
2019-07-26,29.75
2019-07-29,29.85
2019-07-30,29.29
2019-07-31,29.38
2019-08-01,30.83
2019-08-02,30.61
2019-08-05,30.04
2019-08-06,29.7
2019-08-07,29.56
2019-08-08,29.78
2019-08-09,29.36
2019-08-12,27.91
2019-08-13,28.3
2019-08-14,28.12
2019-08-15,27.2
2019-08-16,27.15
2019-08-19,27.73
2019-08-20,27.42
2019-08-21,27.17
2019-08-22,26.81
2019-08-23,26.24
2019-08-26,26.97
2019-08-27,26.53
2019-08-28,27.11
2019-08-29,27.55
2019-08-30,27.37
2019-09-02,26.22
2019-09-03,26.21
2019-09-04,26.47
2019-09-05,26.48
2019-09-06,26.05
2019-09-09,25.97
2019-09-10,27.69
2019-09-11,27.27
2019-09-12,27.42
2019-09-13,27.38
2019-09-16,28.07
2019-09-17,27.24
2019-09-18,26.47
2019-09-19,26.98
2019-09-20,27.59
2019-09-23,26.84
2019-09-24,26.58
2019-09-25,26.26
2019-09-26,26.69
2019-09-27,26.34
2019-09-30,25.76
2019-10-01,26.05
2019-10-02,25.2
2019-10-03,24.17
2019-10-04,23.91
2019-10-07,24.35
2019-10-08,23.5
2019-10-09,23.6
2019-10-10,24.18
2019-10-11,25.36
2019-10-14,25.06
2019-10-15,26.64
2019-10-16,27.23
2019-10-17,27.0
2019-10-18,26.8
2019-10-21,26.83
2019-10-22,26.52
2019-10-23,25.59
2019-10-24,26.28
2019-10-25,25.8
2019-10-28,25.93
2019-10-29,26.25
2019-10-30,26.76
2019-10-31,26.35
2019-11-01,26.02
2019-11-04,26.37
2019-11-05,26.24
2019-11-06,25.52
2019-11-07,25.65
2019-11-08,25.56
2019-11-11,25.65
2019-11-12,24.83
2019-11-13,25.1
2019-11-14,24.67
2019-11-15,24.57
2019-11-18,24.13
2019-11-19,24.17
2019-11-20,24.75
2019-11-21,24.66
2019-11-22,25.31
2019-11-25,25.16
2019-11-26,25.11
2019-11-27,25.84
2019-11-28,25.73
2019-11-29,25.94
2019-12-02,25.06
2019-12-03,24.74
2019-12-04,25.48
2019-12-05,25.43
2019-12-06,25.68
2019-12-09,25.87
2019-12-10,25.68
2019-12-11,25.19
2019-12-12,25.79
2019-12-13,24.71
2019-12-16,25.52
2019-12-17,26.61
2019-12-18,27.13
2019-12-19,27.38
2019-12-20,27.21
2019-12-23,27.08
2019-12-24,26.62
2019-12-26,26.62
2019-12-27,27.25
2019-12-30,25.63
2019-12-31,25.18
2020-01-02,24.9
2020-01-03,25.5
2020-01-06,24.74
2020-01-07,25.06
2020-01-08,24.6
2020-01-09,25.2
2020-01-10,24.73
2020-01-13,24.66
2020-01-14,24.37
2020-01-15,25.04
2020-01-16,25.37
2020-01-17,25.97
2020-01-20,25.7
2020-01-21,25.45
2020-01-22,25.55
2020-01-23,25.21
2020-01-24,24.87
2020-01-27,25.05
2020-01-28,25.1
2020-01-29,24.43
2020-01-30,24.17
2020-01-31,24.31
2020-02-03,23.63
2020-02-04,23.78
2020-02-05,24.19
2020-02-06,23.98
2020-02-07,23.75
2020-02-10,23.58
2020-02-11,23.74
2020-02-12,24.31
2020-02-13,24.82
2020-02-14,24.71
2020-02-17,25.47
2020-02-18,25.56
2020-02-19,26.13
2020-02-20,26.06
2020-02-21,26.03
2020-02-24,25.0
2020-02-25,24.62
2020-02-26,24.69
2020-02-27,24.02
2020-02-28,24.02
2020-03-02,23.93
2020-03-03,23.77
2020-03-04,24.24
2020-03-05,24.21
2020-03-06,23.83
2020-03-09,23.68
2020-03-10,24.5
2020-03-11,24.34
2020-03-12,22.96
2020-03-13,22.38
2020-03-16,19.98
2020-03-17,19.05
2020-03-18,16.12
2020-03-19,17.19
2020-03-20,16.84
2020-03-23,16.28
2020-03-24,17.5
2020-03-25,18.21
2020-03-26,18.06
2020-03-27,17.11
2020-03-30,17.78
2020-03-31,18.42
2020-04-01,17.84
2020-04-02,18.82
2020-04-03,18.73
2020-04-06,21.17
2020-04-07,21.3
2020-04-08,21.93
2020-04-09,21.86
2020-04-14,20.57
2020-04-15,20.02
2020-04-16,21.69
2020-04-17,22.48
2020-04-20,22.15
2020-04-21,20.64
2020-04-22,21.45
2020-04-23,21.82
2020-04-24,21.53
2020-04-27,21.09
2020-04-28,21.04
2020-04-29,21.0
2020-04-30,20.39
2020-05-01,19.8
2020-05-04,20.18
2020-05-05,19.92
2020-05-06,19.83
2020-05-07,20.35
2020-05-08,20.17
2020-05-11,19.86
2020-05-12,19.31
2020-05-13,19.46
2020-05-14,19.62
2020-05-15,19.96
2020-05-18,21.14
2020-05-19,20.76
2020-05-20,22.06
2020-05-21,21.97
2020-05-22,22.19
2020-05-25,22.38
2020-05-26,22.4
2020-05-27,22.13
2020-05-28,22.04
2020-05-29,22.18
2020-06-01,21.75
2020-06-02,22.84
2020-06-03,22.85
2020-06-04,22.98
2020-06-05,24.02
2020-06-08,23.48
2020-06-09,23.24
2020-06-10,23.68
2020-06-11,23.04
2020-06-12,22.78
2020-06-15,22.93
2020-06-16,23.55
2020-06-17,23.52
2020-06-18,25.23
2020-06-19,24.92
2020-06-22,25.28
2020-06-23,26.15
2020-06-24,26.14
2020-06-25,25.92
2020-06-26,25.46
2020-06-29,27.35
2020-06-30,27.68
2020-07-01,28.42
2020-07-02,28.09
2020-07-03,28.64
2020-07-06,30.43
2020-07-07,30.12
2020-07-08,30.06
2020-07-09,29.37
2020-07-10,29.78
2020-07-13,30.14
2020-07-14,30.46
2020-07-15,29.7
2020-07-16,27.67
2020-07-17,28.76
2020-07-20,27.1
2020-07-21,27.51
2020-07-22,27.53
2020-07-23,28.23
2020-07-24,27.27
2020-07-27,25.91
2020-07-28,26.67
2020-07-29,27.13
2020-07-30,26.48
2020-07-31,27.22
2020-08-03,27.08
2020-08-04,27.75
2020-08-05,27.69
2020-08-06,27.3
2020-08-07,27.32
2020-08-10,27.6
2020-08-11,27.08
2020-08-12,26.87
2020-08-13,26.3
2020-08-14,26.36
2020-08-17,27.17
2020-08-18,27.41
2020-08-19,27.08
2020-08-20,26.75
2020-08-21,26.48
2020-08-24,28.32
2020-08-25,29.46
2020-08-26,29.48
2020-08-27,29.23
2020-08-28,30.38
2020-08-31,29.53
2020-09-01,28.61
2020-09-02,29.06
2020-09-03,29.53
2020-09-04,28.13
2020-09-07,27.81
2020-09-08,27.53
2020-09-09,27.94
2020-09-10,29.15
2020-09-11,28.99
2020-09-14,31.2
2020-09-15,30.53
2020-09-16,30.71
2020-09-17,29.13
2020-09-18,28.68
2020-09-21,27.05
2020-09-22,28.47
2020-09-23,27.12
2020-09-24,27.4
2020-09-25,26.75
2020-09-28,28.28
2020-09-29,27.36
2020-09-30,27.5
2020-10-01,27.07
2020-10-02,27.59
2020-10-05,27.49
2020-10-06,27.34
2020-10-07,27.44
2020-10-08,26.88
2020-10-09,26.24
2020-10-12,26.4
2020-10-13,25.74
2020-10-14,26.28
2020-10-15,25.48
2020-10-16,25.4
2020-10-19,25.49
2020-10-20,24.92
2020-10-21,24.06
2020-10-22,24.68
2020-10-23,25.98
2020-10-26,24.35
2020-10-27,24.55
2020-10-28,23.52
2020-10-29,24.15
2020-10-30,24.19
2020-11-02,24.15
2020-11-03,24.86
2020-11-04,25.57
2020-11-05,26.43
2020-11-06,25.85
2020-11-09,26.97
2020-11-10,26.64
2020-11-11,26.52
2020-11-12,26.32
2020-11-13,26.68
2020-11-16,27.79
2020-11-17,27.04
2020-11-18,27.59
2020-11-19,26.75
2020-11-20,27.15
2020-11-23,27.67
2020-11-24,28.04
2020-11-25,28.04
2020-11-26,28.54
2020-11-27,28.59
2020-11-30,29.6
2020-12-01,29.33
2020-12-02,30.01
2020-12-03,29.46
2020-12-04,30.57
2020-12-07,30.07
2020-12-08,30.02
2020-12-09,30.16
2020-12-10,31.36
2020-12-11,30.98
2020-12-14,31.27
2020-12-15,32.43
2020-12-16,32.03
2020-12-17,32.21
2020-12-18,31.36
2020-12-21,31.14
2020-12-22,31.39
2020-12-23,32.15
2020-12-24,32.41
2020-12-28,33.66
2020-12-29,33.25
2020-12-30,32.42
2020-12-31,32.94
2021-01-04,33.89
2021-01-05,33.15
2021-01-06,33.83
2021-01-07,34.97
2021-01-08,35.14
2021-01-11,34.76
2021-01-12,34.88
2021-01-13,33.88
2021-01-14,33.76
2021-01-15,31.96
2021-01-18,31.84
2021-01-19,33.3
2021-01-20,33.12
2021-01-21,34.32
2021-01-22,34.45
2021-01-25,33.39
2021-01-26,33.56
2021-01-27,33.51
2021-01-28,34.17
2021-01-29,33.18
2021-02-01,33.08
2021-02-02,35.19
2021-02-03,37.65
2021-02-04,37.49
2021-02-05,38.43
2021-02-08,38.84
2021-02-09,38.49
2021-02-10,39.56
2021-02-11,39.0
2021-02-12,40.28
2021-02-15,39.81
2021-02-16,39.13
2021-02-17,38.4
2021-02-18,38.61
2021-02-19,37.7
2021-02-22,38.26
2021-02-23,38.97
2021-02-24,39.45
2021-02-25,38.57
2021-02-26,37.6
2021-03-01,37.45
2021-03-02,38.69
2021-03-03,37.82
2021-03-04,38.51
2021-03-05,39.36
2021-03-08,39.47
2021-03-09,40.98
2021-03-10,41.87
2021-03-11,42.27
2021-03-12,43.19
2021-03-15,42.73
2021-03-16,41.96
2021-03-17,43.34
2021-03-18,42.74
2021-03-19,42.31
2021-03-22,43.18
2021-03-23,41.78
2021-03-24,41.96
2021-03-25,40.71
2021-03-26,42.09
2021-03-29,42.2
2021-03-30,42.4
2021-03-31,42.89
2021-04-01,42.81
2021-04-05,42.81
2021-04-06,44.6
2021-04-07,44.23
2021-04-08,43.85
2021-04-09,44.03
2021-04-12,44.86
2021-04-13,44.24
2021-04-14,44.2
2021-04-15,44.55
2021-04-16,44.8
2021-04-19,44.74
2021-04-20,45.29
2021-04-21,46.32
2021-04-22,47.51
2021-04-23,47.38
2021-04-26,47.67
2021-04-27,47.78
2021-04-28,48.28
2021-04-29,48.51
2021-04-30,49.31
2021-05-03,49.9
2021-05-04,49.06
2021-05-05,49.91
2021-05-06,50.41
2021-05-07,50.93
2021-05-10,52.72
2021-05-11,53.55
2021-05-12,55.85
2021-05-13,55.04
2021-05-14,57.23
2021-05-17,56.97
2021-05-18,53.74
2021-05-19,50.35
2021-05-20,53.41
2021-05-21,52.43
2021-05-24,53.41
2021-05-25,53.83
2021-05-26,54.22
2021-05-27,52.39
2021-05-28,51.58
2021-05-31,52.24
2021-06-01,52.97
2021-06-02,51.94
2021-06-03,50.73
2021-06-04,50.47
2021-06-07,51.97
2021-06-08,52.58
2021-06-09,53.9
2021-06-10,54.15
2021-06-11,53.07
2021-06-14,53.29
2021-06-15,51.76
2021-06-16,51.72
2021-06-17,51.28
2021-06-18,52.26
2021-06-21,52.78
2021-06-22,53.76
2021-06-23,55.03
2021-06-24,55.49
2021-06-25,55.48
2021-06-28,55.9
2021-06-29,56.04
2021-06-30,56.78
2021-07-01,58.06
2021-07-02,57.76
2021-07-05,58.28
2021-07-06,54.44
2021-07-07,53.03
2021-07-08,52.77
2021-07-09,54.67
2021-07-12,52.12
2021-07-13,53.26
2021-07-14,53.78
2021-07-15,53.37
2021-07-16,53.28
2021-07-19,52.81
2021-07-20,51.59
2021-07-21,52.51
2021-07-22,51.16
2021-07-23,51.26
2021-07-26,53.57
2021-07-27,53.28
2021-07-28,54.2
2021-07-29,54.41
2021-07-30,53.69
2021-08-02,54.79
2021-08-03,54.55
2021-08-04,55.82
2021-08-05,56.34
2021-08-06,57.02
2021-08-09,56.98
2021-08-10,57.77
2021-08-11,58.14
2021-08-12,56.63
2021-08-13,55.74
2021-08-16,58.52
2021-08-17,57.56
2021-08-18,57.45
2021-08-19,53.84
2021-08-20,54.72
2021-08-23,55.67
2021-08-24,56.97
2021-08-25,56.87
2021-08-26,57.19
2021-08-27,59.32
2021-08-30,61.08
2021-08-31,61.07
2021-09-01,60.42
2021-09-02,61.83
2021-09-03,61.63
2021-09-06,62.61
2021-09-07,62.28
2021-09-08,62.74
2021-09-09,63.04
2021-09-10,61.22
2021-09-13,61.37
2021-09-14,60.16
2021-09-15,60.18
2021-09-16,59.63
2021-09-17,59.82
2021-09-20,61.02
2021-09-21,60.5
2021-09-22,60.94
2021-09-23,60.89
2021-09-24,63.29
2021-09-27,64.72
2021-09-28,62.29
2021-09-29,63.28
2021-09-30,62.16
2021-10-01,62.45
2021-10-04,63.82
2021-10-05,65.16
2021-10-06,59.58
2021-10-07,60.81
2021-10-08,58.76
2021-10-11,59.58
2021-10-12,59.34
2021-10-13,59.45
2021-10-14,61.79
2021-10-15,59.79
2021-10-18,58.92
2021-10-19,54.92
2021-10-20,58.14
2021-10-21,58.37
2021-10-22,58.64
2021-10-25,59.35
2021-10-26,60.16
2021-10-27,60.27
2021-10-28,58.94
2021-10-29,59.08
2021-11-01,57.29
2021-11-02,59.79
2021-11-03,60.15
2021-11-04,60.18
2021-11-05,59.73
2021-11-08,60.96
2021-11-09,60.75
2021-11-10,63.48
2021-11-11,64.02
2021-11-12,63.58
2021-11-15,66.22
2021-11-16,67.83
2021-11-17,67.45
2021-11-18,69.38
2021-11-19,69.65
2021-11-22,70.22
2021-11-23,69.49
2021-11-24,73.23
2021-11-25,74.79
2021-11-26,73.12
2021-11-29,74.54
2021-11-30,75.73
2021-12-01,77.2
2021-12-02,80.25
2021-12-03,78.64
2021-12-06,81.65
2021-12-07,85.34
2021-12-08,89.41
2021-12-09,80.88
2021-12-10,84.37
2021-12-13,82.72
2021-12-14,80.12
2021-12-15,81.19
2021-12-16,85.71
2021-12-17,74.02
2021-12-20,80.09
2021-12-21,80.94
2021-12-22,76.83
2021-12-23,74.46
2021-12-24,76.31
2021-12-27,76.92
2021-12-28,79.29
2021-12-29,80.36
2021-12-30,80.16
2021-12-31,80.65
2022-01-03,84.01
2022-01-04,84.91
2022-01-05,87.58
2022-01-06,86.74
2022-01-07,85.42
2022-01-10,80.09
2022-01-11,81.3
2022-01-12,80.01
2022-01-13,80.56
2022-01-14,82.08
2022-01-17,80.58
2022-01-18,82.67
2022-01-19,82.09
2022-01-20,85.59
2022-01-21,84.47
2022-01-24,84.02
2022-01-25,87.45
2022-01-26,88.66
2022-01-27,89.76
2022-01-28,89.22
2022-01-31,89.24
2022-02-01,89.52
2022-02-02,94.21
2022-02-03,94.81
2022-02-04,96.45
2022-02-07,96.7
2022-02-08,96.93
2022-02-09,90.79
2022-02-10,90.78
2022-02-11,92.87
2022-02-14,91.76
2022-02-15,91.14
2022-02-16,89.86
2022-02-17,86.44
2022-02-18,89.47
2022-02-21,89.68
2022-02-22,89.77
2022-02-23,95.07
2022-02-24,87.03
2022-02-25,88.14
2022-02-28,82.21
2022-03-01,68.85
2022-03-02,68.49
2022-03-03,67.35
2022-03-04,65.1
2022-03-07,58.3
2022-03-08,68.51
2022-03-09,73.18
2022-03-10,76.41
2022-03-11,76.76
2022-03-14,78.28
2022-03-15,77.43
2022-03-16,78.16
2022-03-17,79.89
2022-03-18,78.89
2022-03-21,78.39
2022-03-22,80.67
2022-03-23,76.6
2022-03-24,78.24
2022-03-25,78.6
2022-03-28,80.81
2022-03-29,81.7
2022-03-30,78.31
2022-03-31,76.48
2022-04-01,78.49
2022-04-04,78.5
2022-04-05,78.05
2022-04-06,77.18
2022-04-07,79.94
2022-04-08,80.09
2022-04-11,77.95
2022-04-12,79.01
2022-04-13,77.44
2022-04-14,79.97
2022-04-19,80.2
2022-04-20,87.82
2022-04-21,86.44
2022-04-22,88.99
2022-04-25,83.46
2022-04-26,82.71
2022-04-27,81.01
2022-04-28,82.68
2022-04-29,84.45
2022-05-02,83.04
2022-05-03,88.19
2022-05-04,88.31
2022-05-05,88.91
2022-05-06,91.54
2022-05-09,87.02
2022-05-10,87.34
2022-05-11,88.83
2022-05-12,88.26
2022-05-13,88.48
2022-05-16,89.56
2022-05-17,91.72
2022-05-18,84.64
2022-05-19,83.18
2022-05-20,80.39
2022-05-23,78.15
2022-05-24,81.32
2022-05-25,81.4
2022-05-26,84.76
2022-05-27,84.2
2022-05-30,83.97
2022-05-31,84.02
2022-06-01,86.08
2022-06-02,86.34
2022-06-03,86.87
2022-06-06,81.43
2022-06-07,81.31
2022-06-08,79.81
2022-06-09,81.01
2022-06-10,81.86
2022-06-13,81.54
2022-06-14,84.15
2022-06-15,86.2
2022-06-16,83.0
2022-06-17,82.37
2022-06-20,84.0
2022-06-21,84.73
2022-06-22,81.88
2022-06-23,84.13
2022-06-24,83.43
2022-06-27,85.05
2022-06-28,87.4
2022-06-29,88.35
2022-06-30,90.16
2022-07-01,85.58
2022-07-04,84.55
2022-07-05,83.19
2022-07-06,83.22
2022-07-07,84.92
2022-07-08,82.79
2022-07-11,84.36
2022-07-12,85.65
2022-07-13,83.86
2022-07-14,83.97
2022-07-15,85.38
2022-07-18,84.94
2022-07-19,83.65
2022-07-20,78.84
2022-07-21,78.11
2022-07-22,76.3
2022-07-25,76.37
2022-07-26,76.68
2022-07-27,76.14
2022-07-28,78.96
2022-07-29,78.55
2022-08-01,80.58
2022-08-02,81.95
2022-08-03,83.99
2022-08-04,84.19
2022-08-05,84.76
2022-08-08,83.81
2022-08-09,85.93
2022-08-10,85.92
2022-08-11,87.55
2022-08-12,88.87
2022-08-15,90.78
2022-08-16,92.08
2022-08-17,95.8
2022-08-18,96.04
2022-08-19,98.01
2022-08-22,92.17
2022-08-23,89.29
2022-08-24,89.24
2022-08-25,89.31
2022-08-26,90.31
2022-08-29,86.66
2022-08-30,80.81
2022-08-31,80.03
2022-09-01,80.79
2022-09-02,77.89
2022-09-05,74.45
2022-09-06,69.88
2022-09-07,69.03
2022-09-08,67.24
2022-09-09,66.08
2022-09-12,71.82
2022-09-13,69.75
2022-09-14,72.54
2022-09-15,71.85
2022-09-16,73.27
2022-09-19,71.1
2022-09-20,71.14
2022-09-21,69.79
2022-09-22,70.44
2022-09-23,65.77
2022-09-26,70.33
2022-09-27,67.96
2022-09-28,65.15
2022-09-29,65.73
2022-09-30,66.73
2022-10-03,65.94
2022-10-04,66.92
2022-10-05,67.07
2022-10-06,68.96
2022-10-07,69.85
2022-10-10,66.77
2022-10-11,66.34
2022-10-12,66.71
2022-10-13,68.84
2022-10-14,68.02
2022-10-17,67.51
2022-10-18,67.77
2022-10-19,67.29
2022-10-20,66.87
2022-10-21,68.72
2022-10-24,72.32
2022-10-25,77.11
2022-10-26,75.79
2022-10-27,80.21
2022-10-28,81.21
2022-10-31,79.97
2022-11-01,76.72
2022-11-02,76.7
2022-11-03,76.28
2022-11-04,76.36
2022-11-07,77.49
2022-11-08,76.06
2022-11-09,72.76
2022-11-10,73.05
2022-11-11,75.84
2022-11-14,75.23
2022-11-15,76.65
2022-11-16,73.41
2022-11-17,72.4
2022-11-18,72.47
2022-11-21,74.28
2022-11-22,73.87
2022-11-23,75.87
2022-11-24,78.69
2022-11-25,78.97
2022-11-28,78.59
2022-11-29,81.39
2022-11-30,84.9
2022-12-01,84.88
2022-12-02,87.98
2022-12-05,87.17
2022-12-06,88.61
2022-12-07,88.19
2022-12-08,88.93
2022-12-09,87.73
2022-12-12,89.81
2022-12-13,88.99
2022-12-14,86.19
2022-12-15,85.2
2022-12-16,83.68
2022-12-19,84.69
2022-12-20,86.87
2022-12-21,85.6
2022-12-22,86.85
2022-12-23,86.85
2022-12-27,86.08
2022-12-28,84.13
2022-12-29,82.36
2022-12-30,79.4
2023-01-02,83.67
2023-01-03,80.42
2023-01-04,75.4
2023-01-05,76.24
2023-01-06,75.55
2023-01-09,79.1
2023-01-10,78.38
2023-01-11,76.64
2023-01-12,77.76
2023-01-13,77.2
2023-01-16,75.07
2023-01-17,77.21
2023-01-18,81.42
2023-01-19,81.86
2023-01-20,82.6
2023-01-23,81.8
2023-01-24,79.62
2023-01-25,82.28
2023-01-26,86.81
2023-01-27,86.94
2023-01-30,87.21
2023-01-31,90.13
2023-02-01,92.65
2023-02-02,90.65
2023-02-03,90.9
2023-02-06,87.96
2023-02-07,87.9
2023-02-08,87.59
2023-02-09,88.49
2023-02-10,90.44
2023-02-13,89.35
2023-02-14,88.62
2023-02-15,91.51
2023-02-16,95.13
2023-02-17,93.33
2023-02-20,95.11
2023-02-21,97.12
2023-02-22,93.45
2023-02-23,93.84
2023-02-24,94.79
2023-02-27,96.9
2023-02-28,95.88
2023-03-01,93.8
2023-03-02,90.1
2023-03-03,89.27
2023-03-06,89.96
2023-03-07,92.87
2023-03-08,94.76
2023-03-09,95.4
2023-03-10,96.83
2023-03-13,92.99
2023-03-14,89.73
2023-03-15,86.65
2023-03-16,85.27
2023-03-17,85.57
2023-03-20,85.18
2023-03-21,87.38
2023-03-22,86.63
2023-03-23,90.18
2023-03-24,85.4
2023-03-27,88.13
2023-03-28,89.4
2023-03-29,90.02
2023-03-30,90.8
2023-03-31,91.75
2023-04-03,96.0
2023-04-04,94.98
2023-04-05,97.01
2023-04-06,96.75
2023-04-11,97.47
2023-04-12,96.27
2023-04-13,94.39
2023-04-14,94.11
2023-04-17,92.91
2023-04-18,95.15
2023-04-19,94.39
2023-04-20,91.74
2023-04-21,89.86
2023-04-24,88.56
2023-04-25,86.81
2023-04-26,86.24
2023-04-27,86.68
2023-04-28,87.65
2023-05-01,85.63
2023-05-02,88.52
2023-05-03,85.15
2023-05-04,84.5
2023-05-05,84.96
2023-05-08,85.59
2023-05-09,87.51
2023-05-10,89.06
2023-05-11,88.57
2023-05-12,88.93
2023-05-15,87.14
2023-05-16,88.93
2023-05-17,88.04
2023-05-18,89.65
2023-05-19,89.43
2023-05-22,87.25
2023-05-23,85.8
2023-05-24,84.79
2023-05-25,82.63
2023-05-26,83.13
2023-05-29,83.0
2023-05-30,80.38
2023-05-31,80.77
2023-06-01,78.95
2023-06-02,78.52
2023-06-05,82.86
2023-06-06,81.64
2023-06-07,83.86
2023-06-08,83.35
2023-06-09,86.14
2023-06-12,88.22
2023-06-13,90.72
2023-06-14,93.62
2023-06-15,92.93
2023-06-16,91.92
2023-06-19,93.23
2023-06-20,94.51
2023-06-21,90.85
2023-06-22,90.95
2023-06-23,87.55
2023-06-26,86.49
2023-06-27,89.09
2023-06-28,88.21
2023-06-29,88.13
2023-06-30,89.57
2023-07-03,87.58
2023-07-04,87.69
2023-07-05,85.81
2023-07-06,86.29
2023-07-07,86.15
2023-07-10,86.26
2023-07-11,87.05
2023-07-12,85.83
2023-07-13,85.88
2023-07-14,86.35
2023-07-17,86.78
2023-07-18,88.18
2023-07-19,88.98
2023-07-20,90.84
2023-07-21,91.82
2023-07-24,91.29
2023-07-25,92.34
2023-07-26,90.77
2023-07-27,90.92
2023-07-28,88.7
2023-07-31,86.81
2023-08-01,84.62
2023-08-02,83.2
2023-08-03,84.41
2023-08-04,83.41
2023-08-07,82.64
2023-08-08,83.97
2023-08-09,83.9
2023-08-10,84.55
2023-08-11,86.8
2023-08-14,87.95
2023-08-15,86.87
2023-08-16,88.58
2023-08-17,88.85
2023-08-18,88.05
2023-08-21,87.85
2023-08-22,90.01
2023-08-23,88.0
2023-08-24,85.21
2023-08-25,85.25
2023-08-28,85.6
2023-08-29,85.0
2023-08-30,86.0
2023-08-31,86.03
2023-09-01,85.64
2023-09-04,84.08
2023-09-05,83.91
2023-09-06,83.7
2023-09-07,83.29
2023-09-08,81.62
2023-09-11,81.73
2023-09-12,81.12
2023-09-13,83.76
2023-09-14,82.93
2023-09-15,82.1
2023-09-18,80.88
2023-09-19,81.3
2023-09-20,82.76
2023-09-21,84.43
2023-09-22,85.3
2023-09-25,84.89
2023-09-26,82.51
2023-09-27,81.86
2023-09-28,83.11
2023-09-29,81.45
2023-10-02,80.7
2023-10-03,79.8
2023-10-04,81.82
2023-10-05,80.86
2023-10-06,80.62
2023-10-09,81.63
2023-10-10,84.74
2023-10-11,83.78
2023-10-12,85.45
2023-10-13,85.66
2023-10-16,83.41
2023-10-17,82.65
2023-10-18,81.79
2023-10-19,82.0
2023-10-20,81.67
2023-10-23,80.3
2023-10-24,80.66
2023-10-25,79.93
2023-10-26,79.58
2023-10-27,79.36
2023-10-30,78.78
2023-10-31,79.41
2023-11-01,78.66
2023-11-02,79.06
2023-11-03,77.2
2023-11-06,75.88
2023-11-07,75.36
2023-11-08,75.4
2023-11-09,77.3
2023-11-10,78.5
2023-11-13,77.04
2023-11-14,78.57
2023-11-15,79.8
2023-11-16,77.2
2023-11-17,76.23
2023-11-20,76.66
2023-11-21,75.21
2023-11-22,75.1
2023-11-23,76.57
2023-11-24,76.46
2023-11-27,73.07
2023-11-28,72.5
2023-11-29,70.78
2023-11-30,70.56
2023-12-01,72.45
2023-12-04,70.43
2023-12-05,68.91
2023-12-06,68.96
2023-12-07,69.97
2023-12-08,68.62
2023-12-11,67.34
2023-12-12,68.24
2023-12-13,68.88
2023-12-14,66.73
2023-12-15,67.57
2023-12-18,69.61
2023-12-19,69.76
2023-12-20,73.2
2023-12-21,75.88
2023-12-22,76.94
2023-12-27,77.74
2023-12-28,77.94
2023-12-29,77.98
2024-01-02,74.09
2024-01-03,75.42
2024-01-04,73.78
2024-01-05,73.97
2024-01-08,69.96
2024-01-09,69.9
2024-01-10,67.72
2024-01-11,65.96
2024-01-12,63.8
2024-01-15,66.9
2024-01-16,65.49
2024-01-17,63.31
2024-01-18,63.28
2024-01-19,63.42
2024-01-22,62.41
2024-01-23,63.27
2024-01-24,65.8
2024-01-25,63.41
2024-01-26,63.1
2024-01-29,61.77
2024-01-30,64.02
2024-01-31,64.4
2024-02-01,62.32
2024-02-02,63.5
2024-02-05,62.59
2024-02-06,63.49
2024-02-07,62.32
2024-02-08,60.71
2024-02-09,58.8
2024-02-12,57.2
2024-02-13,56.65
2024-02-14,56.44
2024-02-15,57.95
2024-02-16,57.11
2024-02-19,53.14
2024-02-20,54.21
2024-02-21,54.51
2024-02-22,52.59
2024-02-23,52.51
2024-02-26,53.83
2024-02-27,55.96
2024-02-28,57.21
2024-02-29,56.44
2024-03-01,56.31
2024-03-04,57.28
2024-03-05,60.0
2024-03-06,58.79
2024-03-07,59.44
2024-03-08,58.5
2024-03-11,56.13
2024-03-12,57.0
2024-03-13,55.87
2024-03-14,58.8
2024-03-15,59.38
2024-03-18,61.42
2024-03-19,61.31
2024-03-20,60.01
2024-03-21,59.37
2024-03-22,61.5
2024-03-25,64.84
2024-03-26,63.0
2024-03-27,62.61
2024-03-28,61.93
2024-04-02,58.9
2024-04-03,57.55
2024-04-04,58.39
2024-04-05,61.01
2024-04-08,63.39
2024-04-09,63.96
2024-04-10,62.85
2024-04-11,68.83
2024-04-12,71.64
2024-04-15,70.16
2024-04-16,74.25
2024-04-17,70.33
2024-04-18,71.55
2024-04-19,68.52
2024-04-22,66.4
2024-04-23,66.38
2024-04-24,66.85
2024-04-25,68.41
2024-04-26,67.51
2024-04-29,65.8
2024-04-30,69.2
2024-05-01,67.91
2024-05-02,72.69
2024-05-03,71.84
2024-05-06,73.67
2024-05-07,70.85
2024-05-08,71.92
2024-05-09,73.62
2024-05-10,71.59
2024-05-13,70.07
2024-05-14,70.1
2024-05-15,69.19
2024-05-16,70.79
2024-05-17,70.52
2024-05-20,74.24
2024-05-21,76.2
2024-05-22,76.67
2024-05-23,76.1
2024-05-24,75.78
2024-05-27,76.51
2024-05-28,74.6
2024-05-29,73.95
2024-05-30,75.2
2024-05-31,74.07
2024-06-03,74.63
2024-06-04,72.58
2024-06-05,72.0
2024-06-06,71.53
2024-06-07,71.42
2024-06-10,70.91
2024-06-11,70.41
2024-06-12,70.3
2024-06-13,70.87
2024-06-14,68.53
2024-06-17,68.16
2024-06-18,68.38
2024-06-19,70.74
2024-06-20,69.19
2024-06-21,68.05
2024-06-24,67.56
2024-06-25,67.8
2024-06-26,67.23
2024-06-27,66.49
2024-06-28,67.36
2024-07-01,68.33
2024-07-02,70.93
2024-07-03,70.91
2024-07-04,70.18
2024-07-05,70.35
2024-07-08,69.04
2024-07-09,68.52
2024-07-10,67.96
2024-07-11,68.52
2024-07-12,69.35
2024-07-15,67.58
2024-07-16,67.94
2024-07-17,66.42
2024-07-18,66.11
2024-07-19,66.0
2024-07-22,64.79
2024-07-23,65.79
2024-07-24,68.9
2024-07-25,67.08
2024-07-26,67.71
2024-07-29,68.78
2024-07-30,68.58
2024-07-31,69.24
2024-08-01,71.17
2024-08-02,70.44
2024-08-05,68.86
2024-08-06,69.92
2024-08-07,70.57
2024-08-08,71.06
2024-08-09,70.14
2024-08-12,72.65
2024-08-13,71.29
2024-08-14,71.87
2024-08-15,72.11
2024-08-16,72.52
2024-08-19,73.14
2024-08-20,73.07
2024-08-21,72.14
2024-08-22,71.57
2024-08-23,71.13
2024-08-26,70.49
2024-08-27,71.49
2024-08-28,70.77
2024-08-29,71.06
2024-08-30,70.3
2024-09-02,70.43
2024-09-03,68.16
2024-09-04,67.0
2024-09-05,66.2
2024-09-06,66.5
2024-09-09,66.52
2024-09-10,64.92
2024-09-11,66.4
2024-09-12,65.45
2024-09-13,64.99
2024-09-16,63.21
2024-09-17,64.34
2024-09-18,63.7
2024-09-19,62.82
2024-09-20,63.39
2024-09-23,64.1
2024-09-24,63.87
2024-09-25,65.24
2024-09-26,66.52
2024-09-27,66.33
2024-09-30,65.56
2024-10-01,63.61
2024-10-02,62.6
2024-10-03,62.76
2024-10-04,62.05
2024-10-07,61.76
2024-10-08,60.29
2024-10-09,62.01
2024-10-10,65.0
2024-10-11,64.62
2024-10-14,65.97
2024-10-15,65.09
2024-10-16,63.03
2024-10-17,62.98
2024-10-18,62.28
2024-10-21,61.76
2024-10-22,62.25
2024-10-23,64.89
2024-10-24,66.63
2024-10-25,66.97
2024-10-28,66.4
2024-10-29,67.28
2024-10-30,65.47
2024-10-31,64.58
2024-11-01,63.87
2024-11-04,65.22
2024-11-05,64.3
2024-11-06,63.76
2024-11-07,66.04
2024-11-08,68.02
2024-11-11,67.57
2024-11-12,67.53
2024-11-13,66.31
2024-11-14,68.27
2024-11-15,68.01
2024-11-18,69.51
2024-11-19,68.13
2024-11-20,68.38
2024-11-21,69.99
2024-11-22,69.27
2024-11-25,69.86
2024-11-26,69.23
2024-11-27,68.47
2024-11-28,67.63
2024-11-29,68.4
2024-12-02,68.83
2024-12-03,68.49
2024-12-04,67.86
2024-12-05,67.34
2024-12-06,68.31
2024-12-09,66.37
2024-12-10,68.89
2024-12-11,69.36
2024-12-12,66.81
2024-12-13,65.11
2024-12-16,63.97
2024-12-17,62.96
2024-12-18,63.6
2024-12-19,66.36
2024-12-20,66.85
2024-12-23,68.29
2024-12-24,68.08
2024-12-27,70.15
2024-12-30,70.58
2024-12-31,71.57
2025-01-02,73.74
2025-01-03,74.45
2025-01-06,72.87
2025-01-07,72.56
2025-01-08,70.7
2025-01-09,71.98
2025-01-10,73.34
2025-01-13,75.34
2025-01-14,75.36
2025-01-15,76.34
2025-01-16,76.69
2025-01-17,77.6
2025-01-20,78.32
2025-01-21,78.6
2025-01-22,77.29
2025-01-23,79.06
2025-01-24,79.95
2025-01-27,77.65
2025-01-28,78.55
2025-01-29,81.18
2025-01-30,80.91
2025-01-31,82.19
2025-02-03,79.3
2025-02-04,79.23
2025-02-05,79.49
2025-02-06,80.3
2025-02-07,80.65
2025-02-10,81.29
2025-02-11,80.92
2025-02-12,78.64
2025-02-13,76.44
2025-02-14,78.12
2025-02-17,75.61
2025-02-18,74.16
2025-02-19,72.47
2025-02-20,71.13
2025-02-21,72.37
2025-02-24,72.14
2025-02-25,70.26
2025-02-26,69.56
2025-02-27,71.32
2025-02-28,69.56
2025-03-03,70.12
2025-03-04,67.13
2025-03-05,67.4
2025-03-06,65.93
2025-03-07,67.21
2025-03-10,67.57
2025-03-11,66.85
2025-03-12,68.21
2025-03-13,69.17
2025-03-14,69.56
2025-03-17,68.69
2025-03-18,69.88
2025-03-19,71.96
2025-03-20,71.54
2025-03-21,70.01
2025-03-24,70.58
2025-03-25,69.53
2025-03-26,69.91
2025-03-27,67.66
2025-03-28,67.91
2025-03-31,67.13
2025-04-01,68.98
2025-04-02,67.69
2025-04-03,65.25
2025-04-04,63.08
2025-04-07,62.12
2025-04-08,61.3
2025-04-09,60.23
2025-04-10,61.38
2025-04-11,64.08
2025-04-14,65.74
2025-04-15,65.42
2025-04-16,66.18
2025-04-17,65.12
2025-04-22,63.66
2025-04-23,66.15
2025-04-24,65.58
2025-04-25,65.69
2025-04-28,64.58
2025-04-29,64.11
2025-04-30,65.82
2025-05-01,66.28
2025-05-02,68.0
2025-05-05,66.73
2025-05-06,68.49
2025-05-07,70.27
2025-05-08,69.93
2025-05-09,69.6
2025-05-12,72.57
2025-05-13,72.06
2025-05-14,71.49
2025-05-15,72.58
2025-05-16,70.16
2025-05-19,69.61
2025-05-20,72.34
2025-05-21,71.9
2025-05-22,71.31
2025-05-23,70.76
2025-05-26,72.23
2025-05-27,70.95
2025-05-28,71.26
2025-05-29,70.15
2025-05-30,69.61
2025-06-02,70.1
2025-06-03,71.78
2025-06-04,71.8
2025-06-05,71.91
2025-06-06,72.67
2025-06-09,73.41
2025-06-10,71.86
2025-06-11,73.53
2025-06-12,74.56
2025-06-13,75.09
2025-06-16,74.49
2025-06-17,73.79
2025-06-18,73.76
2025-06-19,71.91
2025-06-20,72.14
2025-06-23,73.27
2025-06-24,73.54
2025-06-25,71.15
2025-06-26,70.4
2025-06-27,70.96
2025-06-30,68.97
2025-07-01,70.58
2025-07-02,71.93
2025-07-03,72.06
2025-07-04,71.67
2025-07-07,71.2
2025-07-08,70.42
2025-07-09,70.39
2025-07-10,70.74
2025-07-11,70.55
2025-07-14,70.42
2025-07-15,71.51
2025-07-16,71.31
2025-07-17,70.55
2025-07-18,69.89
2025-07-21,69.83
2025-07-22,69.11
2025-07-23,69.36
2025-07-24,70.88
2025-07-25,71.34
2025-07-28,70.65
2025-07-29,73.08
2025-07-30,72.86
2025-07-31,72.66
2025-08-01,71.04
2025-08-04,70.85
2025-08-05,71.59
2025-08-06,70.99
2025-08-07,71.77
2025-08-08,73.21
2025-08-11,72.37
2025-08-12,71.5
2025-08-13,71.74
2025-08-14,70.96
2025-08-15,70.68
2025-08-18,71.82
2025-08-19,71.16
2025-08-20,71.29
2025-08-21,72.62
2025-08-22,72.53
2025-08-25,72.19
2025-08-26,72.75
2025-08-27,72.24
2025-08-28,71.72
2025-08-29,72.99
2025-09-01,73.97
2025-09-02,73.61
2025-09-03,74.95
2025-09-04,75.44
2025-09-05,76.04
2025-09-08,77.17
2025-09-09,76.9
2025-09-10,77.1
2025-09-11,75.54
2025-09-12,75.77
2025-09-15,76.75
2025-09-16,77.51
2025-09-17,76.98
2025-09-18,77.84
2025-09-19,77.55
2025-09-22,76.21
2025-09-23,76.79
2025-09-24,76.02
2025-09-25,75.76
2025-09-26,75.98
2025-09-29,76.79
2025-09-30,75.72
2025-10-01,76.33
2025-10-02,77.43
2025-10-03,79.16
2025-10-06,78.75
2025-10-07,78.31
2025-10-08,79.01
2025-10-09,79.23
2025-10-10,79.68
2025-10-13,78.12
2025-10-14,76.92
2025-10-15,77.88
2025-10-16,79.51
2025-10-17,79.46
2025-10-20,79.82
2025-10-21,79.58
2025-10-22,78.46
2025-10-23,78.44
2025-10-24,78.32
2025-10-27,77.77
2025-10-28,78.32
2025-10-29,78.81
2025-10-30,78.67
2025-10-31,78.54
2025-11-03,81.2
2025-11-04,82.31
2025-11-05,81.49
2025-11-06,80.17
2025-11-07,79.47
2025-11-10,79.96
2025-11-11,80.65
2025-11-12,81.91
2025-11-13,81.34
2025-11-14,80.93
2025-11-17,79.92
2025-11-18,81.22
2025-11-19,80.66
2025-11-20,81.36
2025-11-21,80.41
2025-11-24,80.61
2025-11-25,81.87
2025-11-26,81.68
2025-11-27,82.21
2025-11-28,83.26
2025-12-01,82.64
2025-12-02,81.82
2025-12-03,81.79
2025-12-04,82.43
2025-12-05,81.98
2025-12-08,81.98
2025-12-09,82.85
2025-12-10,82.42
2025-12-11,83.9
2025-12-12,83.79
2025-12-15,85.38
2025-12-16,85.67
2025-12-17,85.12
2025-12-18,84.81
2025-12-19,85.38
2025-12-22,85.8
2025-12-23,86.85
2025-12-24,86.34
2025-12-29,85.79
2025-12-30,85.62
2025-12-31,85.73
2026-01-02,86.65
2026-01-05,85.6
2026-01-06,86.45
2026-01-07,86.49
2026-01-08,86.53
2026-01-09,87.89
2026-01-12,88.44
2026-01-13,89.08
2026-01-14,90.15
2026-01-15,90.56
2026-01-16,90.36
2026-01-19,86.51
2026-01-20,83.41
2026-01-21,85.49
2026-01-22,86.86
2026-01-23,86.79
2026-01-26,85.54
2026-01-27,86.75
2026-01-28,84.96
2026-01-29,82.45
2026-01-30,79.8
2026-02-02,81.79
2026-02-03,81.6
2026-02-04,81.43
2026-02-05,76.81
2026-02-06,77.32
2026-02-09,79.93
2026-02-10,77.45
2026-02-11,77.06
2026-02-12,71.26
2026-02-13,69.45
2026-02-16,67.97
2026-02-17,68.88
2026-02-18,70.35
2026-02-19,70.11
2026-02-20,72.54
2026-02-23,70.14
2026-02-24,69.42
2026-02-25,71.31
2026-02-26,69.7
2026-02-27,69.02
